,epoch,train/box_loss,train/seg_loss,train/cls_loss,train/dfl_loss,metrics/precision(B),metrics/recall(B),metrics/mAP50(B),metrics/mAP50-95(B),metrics/precision(M),metrics/recall(M),metrics/mAP50(M),metrics/mAP50-95(M),val/box_loss,val/seg_loss,val/cls_loss,val/dfl_loss,lr/pg0,lr/pg1,lr/pg2
0,1,1.562,2.1993,17.389,0.88293,0.75489,0.50826,0.59753,0.3228,0.70923,0.44335,0.47334,0.14935,1.588,1.7123,1.3301,0.83805,0.0033069,0.0033069,0.0033069
1,2,1.6626,1.8207,1.8237,0.86678,0.8473,0.51934,0.63501,0.3189,0.82161,0.50246,0.57926,0.20833,1.7008,1.7359,1.4996,0.84808,0.0066271,0.0066271,0.0066271
2,3,1.8742,1.9556,2.0803,0.89536,0.76372,0.40887,0.45578,0.19028,0.51592,0.24631,0.17816,0.0572,2.1096,1.9409,2.4292,0.92127,0.009934,0.009934,0.009934
3,4,1.882,1.8862,2.0149,0.9132,0.72959,0.42857,0.48894,0.24783,0.6311,0.37192,0.37803,0.12587,1.784,2.0191,2.6341,0.87229,0.0099406,0.0099406,0.0099406
4,5,1.8459,2.002,1.7397,0.91816,0.69163,0.31034,0.36819,0.1969,0.55322,0.27586,0.28602,0.09435,2.0529,2.0408,1.9342,0.8956,0.0099406,0.0099406,0.0099406
5,6,1.8092,1.9462,1.7044,0.91881,0.73618,0.42613,0.50042,0.27307,0.7699,0.38916,0.45228,0.15668,1.8039,1.9473,1.7938,0.87738,0.0099208,0.0099208,0.0099208
6,7,1.8079,1.9216,1.5691,0.88865,0.78696,0.3867,0.47214,0.24862,0.68243,0.33005,0.35144,0.10865,1.9116,2.113,1.692,0.88591,0.009901,0.009901,0.009901
7,8,1.7372,1.8602,1.4831,0.89402,0.67435,0.43842,0.48941,0.2532,0.64949,0.36056,0.39093,0.09062,1.8344,1.9016,2.2403,0.87295,0.0098812,0.0098812,0.0098812
8,9,1.7106,1.8462,1.4143,0.8986,0.77275,0.47739,0.58069,0.33804,0.70098,0.43306,0.47672,0.17214,1.5841,1.6477,1.3444,0.84625,0.0098614,0.0098614,0.0098614
9,10,1.6356,1.797,1.3191,0.89363,0.77228,0.4803,0.56464,0.28842,0.57426,0.35714,0.32426,0.1168,1.6788,1.8987,1.4269,0.86605,0.0098416,0.0098416,0.0098416
10,11,1.6653,1.7805,1.3607,0.88463,0.75026,0.45074,0.5229,0.30501,0.63793,0.36887,0.35878,0.11807,1.6111,1.8233,1.5951,0.86272,0.0098218,0.0098218,0.0098218
11,12,1.6044,1.7288,1.2786,0.89065,0.81166,0.49015,0.59756,0.33508,0.76276,0.42611,0.48665,0.12342,1.5859,1.7138,1.3392,0.85524,0.009802,0.009802,0.009802
12,13,1.5814,1.6716,1.2524,0.87438,0.79591,0.50246,0.59293,0.35626,0.76175,0.47291,0.52457,0.18703,1.5829,1.6683,1.2959,0.85228,0.0097822,0.0097822,0.0097822
13,14,1.5792,1.626,1.2071,0.86782,0.84812,0.46552,0.59392,0.37303,0.79124,0.4335,0.50651,0.16593,1.508,1.6295,1.3038,0.84498,0.0097624,0.0097624,0.0097624
14,15,1.541,1.6137,1.1626,0.87427,0.78606,0.51232,0.61744,0.36468,0.77397,0.42857,0.49369,0.17227,1.5103,1.675,1.199,0.84807,0.0097426,0.0097426,0.0097426
15,16,1.5468,1.6857,1.1725,0.87117,0.73474,0.55261,0.61468,0.36715,0.73374,0.48768,0.52836,0.20109,1.5487,1.7186,1.1719,0.84109,0.0097228,0.0097228,0.0097228
16,17,1.4902,1.5698,1.1278,0.85663,0.83979,0.53695,0.65804,0.40045,0.70947,0.4532,0.49746,0.16096,1.4531,1.656,1.1576,0.83818,0.009703,0.009703,0.009703
17,18,1.4945,1.6158,1.1375,0.86742,0.86597,0.55701,0.6747,0.39231,0.76621,0.49754,0.54453,0.17378,1.5684,1.7612,1.1833,0.84921,0.0096832,0.0096832,0.0096832
18,19,1.4904,1.6007,1.0875,0.86457,0.78965,0.57143,0.64341,0.35923,0.70115,0.50739,0.53212,0.17571,1.4974,1.7132,1.1834,0.84091,0.0096634,0.0096634,0.0096634
19,20,1.4757,1.581,1.0891,0.85889,0.9,0.53201,0.65757,0.38409,0.78655,0.4532,0.51133,0.17231,1.5691,1.6217,1.1476,0.84896,0.0096436,0.0096436,0.0096436
20,21,1.4703,1.5966,1.0564,0.8657,0.8001,0.57882,0.68644,0.41582,0.77321,0.49015,0.55182,0.19674,1.4397,1.7662,1.0746,0.83576,0.0096238,0.0096238,0.0096238
21,22,1.4701,1.5793,1.0462,0.85632,0.82283,0.53766,0.65639,0.41065,0.77641,0.44089,0.52637,0.16964,1.4017,1.5515,1.0923,0.83483,0.009604,0.009604,0.009604
22,23,1.4388,1.4993,1.0239,0.85142,0.81063,0.53941,0.63423,0.37462,0.7551,0.50246,0.57148,0.19637,1.4749,1.6245,1.1631,0.84313,0.0095842,0.0095842,0.0095842
23,24,1.3955,1.5438,0.99093,0.85225,0.82411,0.5468,0.66041,0.39284,0.70881,0.46766,0.49741,0.17703,1.4454,1.5928,1.1475,0.83838,0.0095644,0.0095644,0.0095644
24,25,1.3892,1.4575,0.96348,0.85183,0.75499,0.57635,0.65524,0.38747,0.66644,0.48768,0.49451,0.16542,1.4787,1.6523,1.1128,0.8412,0.0095446,0.0095446,0.0095446
25,26,1.4156,1.5338,0.96487,0.86032,0.80789,0.58621,0.67875,0.42264,0.76071,0.50739,0.56194,0.1864,1.3748,1.5891,1.0875,0.83213,0.0095248,0.0095248,0.0095248
26,27,1.4237,1.4796,0.95166,0.85442,0.79991,0.58095,0.6729,0.37113,0.71945,0.46798,0.50455,0.15416,1.4857,1.4372,1.0536,0.83537,0.009505,0.009505,0.009505
27,28,1.3723,1.4525,0.94214,0.84935,0.83642,0.57143,0.67753,0.42442,0.79943,0.52217,0.57228,0.19754,1.4001,1.5492,1.0332,0.83697,0.0094852,0.0094852,0.0094852
28,29,1.3346,1.3964,0.88598,0.84334,0.82252,0.60591,0.70344,0.43041,0.78587,0.49507,0.55208,0.19064,1.3603,1.5405,1.063,0.83065,0.0094654,0.0094654,0.0094654
29,30,1.384,1.4409,0.93444,0.84743,0.83123,0.58229,0.69439,0.4193,0.72575,0.5084,0.54048,0.16412,1.4286,1.4556,1.0321,0.83435,0.0094456,0.0094456,0.0094456
30,31,1.3301,1.4275,0.87844,0.84424,0.81595,0.59852,0.69677,0.43243,0.74433,0.48768,0.5221,0.16804,1.4039,1.5604,1.053,0.83293,0.0094258,0.0094258,0.0094258
31,32,1.3249,1.4453,0.90327,0.85061,0.78907,0.60099,0.67714,0.4121,0.66656,0.49731,0.49922,0.16154,1.438,1.4833,1.1302,0.83451,0.009406,0.009406,0.009406
32,33,1.3587,1.4266,0.90543,0.8417,0.81099,0.5936,0.68536,0.43506,0.73162,0.51031,0.54849,0.16828,1.3947,1.4628,1.0552,0.82564,0.0093862,0.0093862,0.0093862
33,34,1.3276,1.3989,0.88931,0.84181,0.8604,0.60345,0.70891,0.45514,0.79534,0.52463,0.58201,0.21148,1.3463,1.4728,1.0269,0.8232,0.0093664,0.0093664,0.0093664
34,35,1.3447,1.3471,0.8912,0.83111,0.85669,0.57421,0.68775,0.41521,0.76933,0.50493,0.55107,0.17716,1.4622,1.5562,1.1236,0.83038,0.0093466,0.0093466,0.0093466
35,36,1.3317,1.4181,0.8652,0.84103,0.88627,0.57581,0.7049,0.44995,0.76874,0.49945,0.5307,0.17907,1.3958,1.5438,1.0611,0.82912,0.0093268,0.0093268,0.0093268
36,37,1.3713,1.4657,0.88774,0.84755,0.74419,0.62562,0.69294,0.4282,0.85259,0.47537,0.56898,0.19874,1.3981,1.4866,1.0807,0.8301,0.009307,0.009307,0.009307
37,38,1.2837,1.3361,0.81379,0.83522,0.87299,0.60944,0.70366,0.4467,0.7495,0.52324,0.55622,0.17622,1.3776,1.4305,0.98421,0.831,0.0092872,0.0092872,0.0092872
38,39,1.261,1.3317,0.8062,0.83252,0.798,0.64039,0.71787,0.41568,0.69864,0.54187,0.55148,0.17928,1.4435,1.5537,1.0527,0.83102,0.0092674,0.0092674,0.0092674
39,40,1.2922,1.3833,0.83425,0.83295,0.89727,0.62388,0.74031,0.44878,0.78232,0.53996,0.59353,0.19307,1.396,1.4931,0.96476,0.82908,0.0092476,0.0092476,0.0092476
40,41,1.2999,1.3607,0.82869,0.83194,0.84933,0.62808,0.72723,0.45476,0.75416,0.52891,0.54913,0.18894,1.3619,1.5514,0.98031,0.82773,0.0092278,0.0092278,0.0092278
41,42,1.2942,1.3775,0.81803,0.82871,0.87942,0.633,0.75828,0.47069,0.75838,0.53695,0.5875,0.20201,1.3154,1.4342,0.92626,0.82388,0.009208,0.009208,0.009208
42,43,1.2776,1.3703,0.81158,0.83048,0.84301,0.62162,0.71793,0.44368,0.72994,0.53448,0.55954,0.17571,1.3816,1.4266,0.95897,0.83128,0.0091882,0.0091882,0.0091882
43,44,1.2582,1.2954,0.80588,0.83816,0.87873,0.60679,0.72975,0.46881,0.79301,0.54731,0.62152,0.20887,1.3301,1.4183,0.96898,0.82549,0.0091684,0.0091684,0.0091684
44,45,1.2246,1.2596,0.77398,0.82823,0.83494,0.66502,0.73844,0.45542,0.78695,0.53677,0.59047,0.1864,1.4038,1.534,0.93112,0.82932,0.0091486,0.0091486,0.0091486
45,46,1.2615,1.2849,0.79524,0.82747,0.89978,0.64132,0.74459,0.47476,0.78684,0.54433,0.57536,0.19066,1.3014,1.4722,0.89505,0.82166,0.0091288,0.0091288,0.0091288
46,47,1.2605,1.3061,0.79265,0.84381,0.79482,0.63926,0.71991,0.44605,0.68543,0.56404,0.56785,0.1844,1.3757,1.4716,0.95049,0.82408,0.009109,0.009109,0.009109
47,48,1.2581,1.3073,0.78786,0.83571,0.87711,0.62562,0.72749,0.46018,0.79623,0.53896,0.59809,0.20781,1.3223,1.4365,0.9989,0.82259,0.0090892,0.0090892,0.0090892
48,49,1.2163,1.3016,0.75267,0.82959,0.861,0.65603,0.75963,0.47217,0.76074,0.55172,0.58737,0.20381,1.3145,1.5201,0.89191,0.82295,0.0090694,0.0090694,0.0090694
49,50,1.2266,1.2576,0.75786,0.83145,0.83865,0.633,0.73585,0.45656,0.70486,0.53202,0.56214,0.18685,1.3366,1.4511,0.93427,0.82408,0.0090496,0.0090496,0.0090496
50,51,1.1902,1.2578,0.72779,0.82702,0.87298,0.64532,0.74842,0.4659,0.76959,0.55943,0.58798,0.20403,1.317,1.4126,0.95004,0.81991,0.0090298,0.0090298,0.0090298
51,52,1.1912,1.2219,0.73148,0.83021,0.93061,0.63547,0.75764,0.48008,0.80822,0.55015,0.58197,0.20652,1.2886,1.4141,0.88626,0.81938,0.00901,0.00901,0.00901
52,53,1.2034,1.2576,0.71925,0.82105,0.88828,0.64625,0.75675,0.48041,0.77364,0.57389,0.59667,0.18687,1.273,1.3615,0.87224,0.81869,0.0089902,0.0089902,0.0089902
53,54,1.2115,1.2363,0.74716,0.82484,0.79609,0.6601,0.74393,0.46979,0.81429,0.50758,0.59437,0.19983,1.2792,1.3646,0.96219,0.82035,0.0089704,0.0089704,0.0089704
54,55,1.1707,1.2343,0.72283,0.82114,0.89479,0.64778,0.75935,0.4833,0.76956,0.55932,0.60939,0.21181,1.3118,1.4242,0.929,0.82403,0.0089506,0.0089506,0.0089506
55,56,1.1902,1.2758,0.72485,0.81982,0.86611,0.60591,0.71262,0.43735,0.75052,0.51128,0.52679,0.16425,1.394,1.5292,1.0373,0.82294,0.0089308,0.0089308,0.0089308
56,57,1.1921,1.2363,0.71039,0.82918,0.85491,0.63858,0.72486,0.45993,0.84708,0.5468,0.61276,0.19823,1.3085,1.3634,0.97944,0.82271,0.008911,0.008911,0.008911
57,58,1.1947,1.2407,0.7182,0.82281,0.83614,0.69125,0.77412,0.47887,0.72404,0.56868,0.58097,0.19939,1.3142,1.3124,0.86055,0.82074,0.0088912,0.0088912,0.0088912
58,59,1.1511,1.1873,0.68577,0.81805,0.91113,0.62562,0.74047,0.47517,0.83122,0.55665,0.61183,0.20403,1.3052,1.3793,0.98859,0.82076,0.0088714,0.0088714,0.0088714
59,60,1.199,1.267,0.7247,0.82441,0.92648,0.62069,0.75587,0.47834,0.78807,0.52709,0.57776,0.1655,1.3194,1.4125,0.91529,0.82601,0.0088516,0.0088516,0.0088516
60,61,1.1861,1.2207,0.69325,0.82549,0.84336,0.66308,0.75429,0.46408,0.78349,0.5468,0.59548,0.18887,1.3166,1.4038,0.8936,0.81946,0.0088318,0.0088318,0.0088318
61,62,1.1729,1.1919,0.71944,0.82246,0.91124,0.63547,0.75041,0.48935,0.79019,0.54433,0.59283,0.19135,1.2549,1.3425,0.86933,0.81661,0.008812,0.008812,0.008812
62,63,1.1486,1.1676,0.67627,0.82253,0.85584,0.68726,0.77832,0.49317,0.78627,0.54926,0.6,0.19941,1.2656,1.4257,0.85086,0.817,0.0087922,0.0087922,0.0087922
63,64,1.1457,1.1954,0.66873,0.82529,0.81606,0.67751,0.75628,0.49602,0.78169,0.55665,0.61986,0.21648,1.2725,1.4988,0.88068,0.81984,0.0087724,0.0087724,0.0087724
64,65,1.1386,1.1598,0.6619,0.81224,0.89551,0.67548,0.77702,0.48981,0.78494,0.56636,0.60969,0.18666,1.3419,1.4118,0.84466,0.8222,0.0087526,0.0087526,0.0087526
65,66,1.1485,1.1817,0.67215,0.82731,0.91757,0.64778,0.77488,0.49653,0.81833,0.57635,0.64246,0.21889,1.2495,1.3502,0.88478,0.81823,0.0087328,0.0087328,0.0087328
66,67,1.1308,1.1783,0.66073,0.81863,0.9003,0.67734,0.76747,0.48083,0.76624,0.54901,0.57061,0.18248,1.2708,1.2928,0.86031,0.81436,0.008713,0.008713,0.008713
67,68,1.1364,1.1602,0.66173,0.82165,0.85275,0.67041,0.76246,0.49524,0.75744,0.58454,0.61905,0.20947,1.2657,1.2387,0.8841,0.81747,0.0086932,0.0086932,0.0086932
68,69,1.1526,1.1584,0.68281,0.81723,0.90141,0.63055,0.75814,0.49086,0.82929,0.53844,0.61394,0.19479,1.2547,1.2999,0.8458,0.81753,0.0086734,0.0086734,0.0086734
69,70,1.1567,1.1748,0.6684,0.8162,0.87642,0.66256,0.75052,0.4839,0.75444,0.5665,0.58359,0.1921,1.3108,1.3679,0.96113,0.82256,0.0086536,0.0086536,0.0086536
70,71,1.1118,1.1363,0.64001,0.81562,0.82967,0.65986,0.76586,0.49156,0.72517,0.57191,0.62177,0.19863,1.2263,1.4391,0.86854,0.81816,0.0086338,0.0086338,0.0086338
71,72,1.1131,1.157,0.65797,0.81173,0.83097,0.70197,0.77089,0.50521,0.78909,0.5665,0.63063,0.21837,1.2418,1.3619,0.82508,0.81483,0.008614,0.008614,0.008614
72,73,1.1464,1.1598,0.66337,0.80796,0.87744,0.65025,0.75014,0.48522,0.79751,0.56158,0.58896,0.19435,1.2533,1.3598,0.87976,0.81634,0.0085942,0.0085942,0.0085942
73,74,1.1378,1.1655,0.65883,0.81697,0.86298,0.65153,0.76779,0.49769,0.85315,0.54377,0.61965,0.20755,1.2536,1.2836,0.84124,0.81728,0.0085744,0.0085744,0.0085744
74,75,1.1041,1.1413,0.63587,0.81725,0.87238,0.67241,0.76542,0.50775,0.80915,0.55348,0.60514,0.20954,1.2495,1.3165,0.85783,0.82017,0.0085546,0.0085546,0.0085546
75,76,1.1335,1.1941,0.66956,0.81417,0.91503,0.66256,0.76749,0.49957,0.77001,0.5525,0.58688,0.1979,1.2733,1.3633,0.89513,0.81815,0.0085348,0.0085348,0.0085348
76,77,1.1209,1.151,0.64508,0.81632,0.89725,0.67241,0.77283,0.50817,0.75416,0.5665,0.59064,0.2033,1.1841,1.2996,0.82875,0.81424,0.008515,0.008515,0.008515
77,78,1.0857,1.1458,0.62549,0.81889,0.868,0.64788,0.75977,0.49729,0.79915,0.54187,0.60678,0.19975,1.2299,1.3683,0.85809,0.81675,0.0084952,0.0084952,0.0084952
78,79,1.1102,1.1087,0.64449,0.81362,0.84658,0.66597,0.75883,0.50645,0.79095,0.54984,0.6004,0.21531,1.2082,1.2612,0.86831,0.8137,0.0084754,0.0084754,0.0084754
79,80,1.1207,1.1317,0.65205,0.81463,0.906,0.66471,0.79825,0.53026,0.78179,0.57358,0.64981,0.23258,1.2209,1.2342,0.84175,0.80924,0.0084556,0.0084556,0.0084556
80,81,1.0822,1.0763,0.61308,0.81359,0.84785,0.70443,0.79016,0.52202,0.84187,0.57698,0.65208,0.21808,1.1759,1.2679,0.82693,0.80988,0.0084358,0.0084358,0.0084358
81,82,1.1091,1.1473,0.62434,0.81558,0.86915,0.68719,0.77805,0.50298,0.75667,0.58209,0.61761,0.2068,1.2173,1.2883,0.83403,0.81228,0.008416,0.008416,0.008416
82,83,1.0971,1.1374,0.62796,0.81682,0.8692,0.6798,0.77906,0.49162,0.7803,0.56158,0.60309,0.19811,1.2335,1.3375,0.8437,0.81284,0.0083962,0.0083962,0.0083962
83,84,1.063,1.1197,0.60104,0.81426,0.92838,0.63857,0.75345,0.50063,0.80531,0.55015,0.58927,0.19672,1.2136,1.2701,0.89278,0.81524,0.0083764,0.0083764,0.0083764
84,85,1.095,1.0964,0.61334,0.81167,0.83866,0.69138,0.76649,0.49612,0.73701,0.60052,0.62545,0.21915,1.247,1.3422,0.89868,0.81752,0.0083566,0.0083566,0.0083566
85,86,1.0844,1.1038,0.63327,0.81562,0.85193,0.6798,0.77704,0.50813,0.71467,0.56758,0.58137,0.19129,1.2081,1.3562,0.87074,0.81504,0.0083368,0.0083368,0.0083368
86,87,1.0614,1.1152,0.61514,0.8113,0.80681,0.69948,0.7678,0.50473,0.71096,0.56948,0.58008,0.19326,1.2431,1.3135,0.88026,0.81579,0.008317,0.008317,0.008317
87,88,1.1035,1.1277,0.61781,0.81629,0.8928,0.65645,0.76089,0.50176,0.73534,0.53941,0.56748,0.18979,1.2807,1.3348,0.89031,0.82253,0.0082972,0.0082972,0.0082972
88,89,1.0677,1.1098,0.58984,0.80822,0.87175,0.70197,0.78961,0.52924,0.81002,0.57759,0.63422,0.21393,1.2002,1.2759,0.80319,0.81429,0.0082774,0.0082774,0.0082774
89,90,1.073,1.0984,0.61273,0.80997,0.86737,0.69263,0.76961,0.50251,0.75141,0.57389,0.59421,0.19553,1.2961,1.3243,0.84852,0.81944,0.0082576,0.0082576,0.0082576
90,91,1.0681,1.092,0.60161,0.80626,0.84735,0.7069,0.78242,0.52025,0.73996,0.60591,0.62027,0.20965,1.2141,1.3329,0.87777,0.81589,0.0082378,0.0082378,0.0082378
91,92,1.0833,1.1301,0.61266,0.81218,0.92804,0.69883,0.78928,0.51768,0.79618,0.59653,0.6147,0.21244,1.1835,1.2819,0.7725,0.81395,0.008218,0.008218,0.008218
92,93,1.0655,1.087,0.61701,0.81609,0.80567,0.68227,0.76411,0.5069,0.70617,0.57389,0.58661,0.1977,1.1977,1.2937,0.86786,0.81487,0.0081982,0.0081982,0.0081982
93,94,1.0556,1.0809,0.58949,0.80832,0.899,0.67964,0.76964,0.50113,0.76872,0.58128,0.5966,0.21084,1.2148,1.2019,0.86486,0.81544,0.0081784,0.0081784,0.0081784
94,95,1.0662,1.103,0.5922,0.81365,0.9003,0.69458,0.78349,0.51989,0.79099,0.60099,0.63264,0.20445,1.1995,1.2513,0.86183,0.81512,0.0081586,0.0081586,0.0081586
95,96,1.0343,1.0827,0.58854,0.81568,0.88344,0.70443,0.78004,0.51044,0.76654,0.60837,0.61161,0.2042,1.2118,1.2371,0.82993,0.81456,0.0081388,0.0081388,0.0081388
96,97,1.0455,1.0847,0.57957,0.80646,0.89569,0.67677,0.78269,0.51102,0.81472,0.57389,0.63286,0.21157,1.2513,1.2532,0.89052,0.81531,0.008119,0.008119,0.008119
97,98,1.0425,1.0516,0.58247,0.80216,0.90321,0.67488,0.78236,0.51233,0.80104,0.56897,0.61892,0.20865,1.1925,1.2491,0.83829,0.81048,0.0080992,0.0080992,0.0080992
98,99,1.028,1.0675,0.57906,0.80544,0.86898,0.6698,0.77757,0.51821,0.79219,0.57277,0.63326,0.20497,1.2026,1.2816,0.87046,0.81458,0.0080794,0.0080794,0.0080794
99,100,1.0396,1.0837,0.58807,0.81015,0.85979,0.68227,0.77635,0.51266,0.76242,0.60072,0.63139,0.20718,1.2093,1.2456,0.90213,0.81512,0.0080596,0.0080596,0.0080596
100,101,1.0667,1.0997,0.59777,0.81103,0.89324,0.65517,0.76027,0.51441,0.79427,0.56106,0.60996,0.20612,1.1983,1.242,0.90011,0.81175,0.0080398,0.0080398,0.0080398
101,102,1.0485,1.1146,0.57368,0.80616,0.88632,0.67213,0.76896,0.51227,0.75689,0.57882,0.60224,0.19737,1.2088,1.2421,0.896,0.81377,0.00802,0.00802,0.00802
102,103,1.02,1.0446,0.56506,0.80762,0.86153,0.68966,0.77962,0.51622,0.75144,0.59113,0.62238,0.22678,1.2062,1.318,0.8421,0.81288,0.0080002,0.0080002,0.0080002
103,104,1.0541,1.0764,0.58925,0.80317,0.90251,0.66125,0.76366,0.50789,0.78115,0.57143,0.60468,0.20593,1.2075,1.2778,0.87984,0.81349,0.0079804,0.0079804,0.0079804
104,105,1.0505,1.0629,0.58168,0.81602,0.88555,0.67734,0.78327,0.52576,0.80863,0.57242,0.64913,0.22983,1.1842,1.2514,0.9007,0.80813,0.0079606,0.0079606,0.0079606
105,106,1.0264,1.0856,0.5743,0.80975,0.85213,0.68966,0.78577,0.53211,0.77106,0.57882,0.62798,0.19943,1.1624,1.2486,0.82645,0.80805,0.0079408,0.0079408,0.0079408
106,107,1.0307,1.1079,0.57,0.80174,0.91297,0.68966,0.79053,0.52898,0.77759,0.59113,0.62348,0.1998,1.2011,1.2985,0.81107,0.8122,0.007921,0.007921,0.007921
107,108,1.0431,1.0556,0.57743,0.80378,0.863,0.67734,0.76986,0.52289,0.82706,0.5468,0.61862,0.21671,1.2095,1.3013,0.9572,0.81297,0.0079012,0.0079012,0.0079012
108,109,1.0168,1.0755,0.57554,0.80443,0.84848,0.68719,0.79159,0.52297,0.71074,0.58867,0.62679,0.21809,1.2072,1.3177,0.84738,0.81378,0.0078814,0.0078814,0.0078814
109,110,1.0226,1.0894,0.56352,0.80048,0.83713,0.70197,0.77349,0.5257,0.77892,0.5554,0.61139,0.19883,1.164,1.2436,0.87806,0.81114,0.0078616,0.0078616,0.0078616
110,111,0.97973,0.99551,0.54936,0.80343,0.85871,0.68862,0.78721,0.53368,0.73793,0.60591,0.64147,0.23942,1.1748,1.3024,0.8623,0.80995,0.0078418,0.0078418,0.0078418
111,112,1.0366,1.0845,0.55268,0.80527,0.89675,0.71675,0.79747,0.53396,0.74381,0.5864,0.60361,0.19885,1.2048,1.2551,0.81181,0.81314,0.007822,0.007822,0.007822
112,113,1.0048,1.0247,0.54929,0.80169,0.88025,0.70613,0.8016,0.53464,0.7521,0.60837,0.63259,0.22194,1.1902,1.2431,0.8047,0.80928,0.0078022,0.0078022,0.0078022
113,114,1.0378,1.0469,0.55921,0.80212,0.81225,0.69264,0.77548,0.51672,0.68429,0.58128,0.59837,0.20223,1.1979,1.3172,0.91431,0.81034,0.0077824,0.0077824,0.0077824
114,115,1.0081,1.0529,0.55476,0.79948,0.84932,0.69704,0.77933,0.52325,0.77659,0.56404,0.61084,0.19957,1.1888,1.349,0.90446,0.81479,0.0077626,0.0077626,0.0077626
115,116,1.0182,1.0503,0.56157,0.79702,0.90205,0.66749,0.78374,0.52309,0.7634,0.54836,0.6001,0.19305,1.1868,1.2556,0.91346,0.80963,0.0077428,0.0077428,0.0077428
116,117,1.0142,1.0329,0.53644,0.80205,0.85966,0.69951,0.79654,0.53761,0.77287,0.59507,0.64728,0.21858,1.1772,1.2655,0.83208,0.80866,0.007723,0.007723,0.007723
117,118,1.0153,1.0235,0.54831,0.81057,0.87423,0.7266,0.80204,0.54176,0.73338,0.62069,0.64164,0.23073,1.1896,1.3097,0.9138,0.81252,0.0077032,0.0077032,0.0077032
118,119,1.0026,1.0181,0.55385,0.80263,0.87265,0.7069,0.80875,0.53968,0.74662,0.60241,0.64023,0.22702,1.1735,1.1953,0.81577,0.80736,0.0076834,0.0076834,0.0076834
119,120,0.99893,1.0429,0.54863,0.80101,0.86801,0.71273,0.80809,0.54473,0.76053,0.57882,0.6378,0.21338,1.163,1.2401,0.84875,0.80515,0.0076636,0.0076636,0.0076636
120,121,0.9733,0.92433,0.52471,0.79887,0.87888,0.69458,0.78712,0.53403,0.77211,0.55665,0.6022,0.21091,1.2004,1.2922,0.89322,0.80877,0.0076438,0.0076438,0.0076438
121,122,0.99744,1.0275,0.55048,0.8061,0.90023,0.66502,0.79448,0.53789,0.7769,0.53941,0.62693,0.20548,1.1891,1.369,0.80985,0.81033,0.007624,0.007624,0.007624
122,123,1.0081,1.0117,0.54077,0.80746,0.87249,0.70784,0.7938,0.54443,0.74393,0.56404,0.60377,0.20043,1.1848,1.2817,0.79431,0.80952,0.0076042,0.0076042,0.0076042
123,124,0.98785,0.97783,0.52461,0.80107,0.90371,0.6798,0.78841,0.54277,0.75876,0.57143,0.59418,0.18843,1.1388,1.2521,0.83481,0.80585,0.0075844,0.0075844,0.0075844
124,125,0.99123,1.006,0.54324,0.80512,0.87491,0.69704,0.79458,0.53784,0.79004,0.58621,0.6389,0.21768,1.1349,1.1659,0.91512,0.80747,0.0075646,0.0075646,0.0075646
125,126,0.98522,1.0232,0.53229,0.80203,0.86761,0.72167,0.81538,0.53933,0.73874,0.5936,0.62487,0.20407,1.1772,1.2459,0.78248,0.80665,0.0075448,0.0075448,0.0075448
126,127,0.98906,0.99556,0.52698,0.80033,0.86276,0.70197,0.81815,0.54669,0.79811,0.57882,0.64908,0.22881,1.1943,1.284,0.82989,0.81022,0.007525,0.007525,0.007525
127,128,0.96846,0.99994,0.52274,0.79487,0.88596,0.69951,0.80699,0.54545,0.75761,0.5851,0.63631,0.21762,1.2038,1.3017,0.89188,0.81262,0.0075052,0.0075052,0.0075052
128,129,0.97114,0.98907,0.53203,0.80445,0.90385,0.7069,0.80388,0.53171,0.75266,0.57882,0.58799,0.19425,1.218,1.2498,0.79077,0.81399,0.0074854,0.0074854,0.0074854
129,130,0.96573,0.97535,0.50767,0.79972,0.88768,0.69951,0.81246,0.54238,0.79288,0.56404,0.62176,0.22765,1.1812,1.3536,0.91271,0.8137,0.0074656,0.0074656,0.0074656
130,131,0.97413,1.0231,0.52599,0.79554,0.90055,0.68719,0.79735,0.52998,0.78343,0.54926,0.5854,0.20294,1.1915,1.3853,0.90229,0.80934,0.0074458,0.0074458,0.0074458
131,132,0.98725,1.0621,0.51543,0.79455,0.85785,0.71182,0.79864,0.53419,0.77293,0.57389,0.63668,0.22851,1.2063,1.3197,0.90024,0.8082,0.007426,0.007426,0.007426
132,133,0.9647,1.0016,0.5164,0.80355,0.89301,0.71958,0.81027,0.54406,0.80753,0.57882,0.64131,0.21756,1.1891,1.3037,0.8593,0.811,0.0074062,0.0074062,0.0074062
133,134,0.96445,0.99879,0.51659,0.80174,0.90027,0.68928,0.80145,0.54283,0.80575,0.56158,0.60278,0.21229,1.15,1.3539,0.85329,0.80855,0.0073864,0.0073864,0.0073864
134,135,0.95434,0.96439,0.51175,0.80067,0.84542,0.71675,0.79087,0.53882,0.82267,0.55419,0.61282,0.21967,1.1603,1.3134,0.86757,0.80688,0.0073666,0.0073666,0.0073666
135,136,0.95779,0.95169,0.51311,0.79947,0.85439,0.66749,0.77497,0.52995,0.73863,0.57143,0.6254,0.22474,1.1724,1.2427,0.93206,0.80654,0.0073468,0.0073468,0.0073468
136,137,0.9434,1.0016,0.50606,0.79392,0.8486,0.71675,0.79962,0.54013,0.78485,0.56404,0.62332,0.20582,1.1884,1.284,0.8728,0.80915,0.007327,0.007327,0.007327
137,138,0.96768,1.0214,0.50222,0.80334,0.8811,0.71187,0.81553,0.55586,0.79688,0.56404,0.62299,0.20942,1.149,1.2926,0.86677,0.80777,0.0073072,0.0073072,0.0073072
138,139,0.94609,0.92526,0.50061,0.7926,0.93192,0.70443,0.81677,0.55081,0.81558,0.60591,0.65556,0.22668,1.1551,1.2599,0.73814,0.80678,0.0072874,0.0072874,0.0072874
139,140,0.94439,1.0234,0.50924,0.7963,0.88207,0.68161,0.77768,0.52505,0.82767,0.55172,0.60074,0.1998,1.1568,1.3093,0.86436,0.80748,0.0072676,0.0072676,0.0072676
140,141,0.9686,0.96262,0.5162,0.79778,0.85799,0.68456,0.77964,0.53576,0.76791,0.56404,0.61106,0.20602,1.1424,1.2779,0.88199,0.80417,0.0072478,0.0072478,0.0072478
141,142,0.95479,0.96048,0.51572,0.79588,0.86668,0.66995,0.77879,0.53792,0.74764,0.56916,0.61421,0.20502,1.1598,1.2996,0.86269,0.80811,0.007228,0.007228,0.007228
142,143,0.96045,0.99768,0.51801,0.79892,0.82702,0.68966,0.78127,0.52662,0.81277,0.54531,0.62033,0.193,1.1783,1.3342,0.87273,0.80997,0.0072082,0.0072082,0.0072082
143,144,0.95381,0.94459,0.51463,0.79819,0.92071,0.68643,0.80006,0.5433,0.78725,0.59852,0.64599,0.20488,1.1654,1.3309,0.84506,0.81012,0.0071884,0.0071884,0.0071884
144,145,0.94062,0.9536,0.49627,0.7969,0.91961,0.67624,0.79779,0.53861,0.79233,0.58265,0.63976,0.20894,1.1492,1.3319,0.8711,0.80854,0.0071686,0.0071686,0.0071686
145,146,0.95478,0.93376,0.50243,0.79965,0.8705,0.69538,0.78309,0.53842,0.77585,0.55415,0.60357,0.2122,1.1655,1.3299,0.84638,0.81014,0.0071488,0.0071488,0.0071488
146,147,0.92345,0.95311,0.49375,0.78994,0.90435,0.67532,0.79095,0.5479,0.78046,0.5779,0.63866,0.22213,1.1384,1.2735,0.8156,0.80657,0.007129,0.007129,0.007129
147,148,0.92635,0.93698,0.49079,0.79971,0.87257,0.67463,0.784,0.5367,0.74821,0.5782,0.62084,0.2135,1.158,1.303,0.87722,0.80711,0.0071092,0.0071092,0.0071092
148,149,0.94078,0.94111,0.49039,0.79683,0.89382,0.68419,0.7945,0.54272,0.74804,0.57039,0.59902,0.20414,1.1808,1.3812,0.85955,0.8068,0.0070894,0.0070894,0.0070894
149,150,0.94261,0.91538,0.50121,0.79691,0.88204,0.7266,0.80217,0.53998,0.73806,0.61072,0.63724,0.21459,1.1719,1.3264,0.79688,0.80661,0.0070696,0.0070696,0.0070696
150,151,0.9452,0.95708,0.50381,0.80676,0.86516,0.70936,0.80158,0.54704,0.77799,0.60345,0.63723,0.21589,1.1688,1.315,0.78471,0.80928,0.0070498,0.0070498,0.0070498
151,152,0.92224,0.93484,0.50486,0.79659,0.87209,0.71182,0.80569,0.54384,0.75041,0.60723,0.61931,0.20975,1.1806,1.3292,0.75164,0.80746,0.00703,0.00703,0.00703
152,153,0.9338,0.90644,0.49025,0.79421,0.87541,0.71182,0.81159,0.54893,0.74983,0.598,0.64309,0.22336,1.1525,1.2828,0.84625,0.80734,0.0070102,0.0070102,0.0070102
153,154,0.91972,0.91205,0.4904,0.80038,0.81173,0.73399,0.80421,0.54134,0.68729,0.6063,0.63115,0.20514,1.1568,1.263,0.81803,0.80708,0.0069904,0.0069904,0.0069904
154,155,0.90051,0.91568,0.47947,0.79593,0.88529,0.6798,0.78416,0.53082,0.73818,0.56897,0.60732,0.2086,1.1634,1.2629,0.88658,0.80849,0.0069706,0.0069706,0.0069706
155,156,0.90779,0.92518,0.47463,0.79768,0.88862,0.71429,0.79872,0.53256,0.75215,0.59798,0.61815,0.21357,1.1679,1.3279,0.87497,0.80845,0.0069508,0.0069508,0.0069508
156,157,0.89955,0.94219,0.49013,0.79263,0.84882,0.7266,0.80724,0.53732,0.75361,0.57635,0.61905,0.20948,1.1778,1.3992,0.87282,0.80993,0.006931,0.006931,0.006931
157,158,0.89825,0.93847,0.47408,0.79461,0.9152,0.68473,0.8057,0.54756,0.76327,0.57143,0.62193,0.21333,1.1783,1.438,0.9115,0.81017,0.0069112,0.0069112,0.0069112
158,159,0.9053,0.91268,0.4829,0.80215,0.89441,0.7069,0.81866,0.54403,0.75175,0.58621,0.60953,0.21212,1.177,1.3996,0.76476,0.81009,0.0068914,0.0068914,0.0068914
159,160,0.92894,0.97811,0.49829,0.79444,0.82213,0.74631,0.81247,0.54092,0.68104,0.61576,0.61851,0.20524,1.1585,1.3108,0.81023,0.80652,0.0068716,0.0068716,0.0068716
160,161,0.88857,0.91258,0.45367,0.79166,0.86817,0.71921,0.80921,0.55383,0.74642,0.58002,0.6268,0.21245,1.1677,1.325,0.91043,0.80845,0.0068518,0.0068518,0.0068518
161,162,0.90403,0.91867,0.48,0.80238,0.90791,0.70424,0.81742,0.55086,0.78884,0.56158,0.60791,0.20277,1.196,1.2456,0.78183,0.80949,0.006832,0.006832,0.006832
162,163,0.89206,0.92145,0.45899,0.79442,0.9096,0.71921,0.81472,0.54946,0.75092,0.59852,0.62689,0.21289,1.1676,1.2355,0.81382,0.80806,0.0068122,0.0068122,0.0068122
163,164,0.89843,0.92926,0.46063,0.79562,0.90834,0.72167,0.82573,0.55927,0.753,0.59606,0.62455,0.20928,1.16,1.2272,0.87267,0.8062,0.0067924,0.0067924,0.0067924
164,165,0.88942,0.92217,0.47533,0.79567,0.8964,0.70325,0.81586,0.54535,0.74547,0.58431,0.62316,0.21062,1.1916,1.3156,0.82396,0.80767,0.0067726,0.0067726,0.0067726
165,166,0.9083,0.91961,0.4748,0.79938,0.88684,0.72906,0.82476,0.55908,0.76873,0.58621,0.62094,0.20727,1.1474,1.2832,0.82111,0.8045,0.0067528,0.0067528,0.0067528
166,167,0.89225,0.91357,0.4703,0.79467,0.91484,0.72906,0.82474,0.55562,0.76703,0.61576,0.63861,0.20834,1.1648,1.2739,0.7875,0.80595,0.006733,0.006733,0.006733
167,168,0.9089,0.91765,0.46735,0.79554,0.92139,0.6929,0.81319,0.54813,0.79588,0.57389,0.61959,0.21624,1.1749,1.3495,0.80407,0.80729,0.0067132,0.0067132,0.0067132
168,169,0.89268,0.91871,0.46697,0.78867,0.83784,0.71266,0.7916,0.52633,0.76362,0.57635,0.62495,0.20963,1.1854,1.3635,0.82074,0.8095,0.0066934,0.0066934,0.0066934
169,170,0.88818,0.91,0.47569,0.79247,0.8713,0.70036,0.79533,0.53032,0.76647,0.54926,0.59626,0.20338,1.1771,1.3026,0.86434,0.80723,0.0066736,0.0066736,0.0066736
170,171,0.88037,0.89587,0.45144,0.79273,0.90737,0.70197,0.80036,0.54608,0.79372,0.56158,0.61691,0.2157,1.1693,1.3292,0.85075,0.80668,0.0066538,0.0066538,0.0066538
171,172,0.86947,0.88625,0.46382,0.79798,0.88661,0.69331,0.7855,0.54296,0.82195,0.54433,0.61618,0.21671,1.154,1.3128,0.84826,0.80787,0.006634,0.006634,0.006634
172,173,0.8808,0.92218,0.45091,0.79416,0.90171,0.70044,0.80152,0.54005,0.76619,0.56501,0.61151,0.20497,1.1713,1.2915,0.87417,0.80681,0.0066142,0.0066142,0.0066142
173,174,0.8977,0.93155,0.47399,0.78872,0.90229,0.70513,0.80767,0.54457,0.79028,0.56158,0.61917,0.20918,1.1851,1.2799,0.85368,0.80685,0.0065944,0.0065944,0.0065944
174,175,0.87483,0.89145,0.45716,0.78929,0.89739,0.68933,0.81262,0.55653,0.7775,0.58528,0.64066,0.21707,1.1317,1.2789,0.8562,0.80541,0.0065746,0.0065746,0.0065746
175,176,0.88197,0.87974,0.45099,0.7958,0.89189,0.73149,0.80913,0.55721,0.7408,0.60591,0.62467,0.2138,1.1619,1.3017,0.90362,0.80697,0.0065548,0.0065548,0.0065548
176,177,0.88146,0.89685,0.47052,0.79343,0.87368,0.7155,0.80358,0.54726,0.73224,0.59947,0.62356,0.21093,1.1479,1.265,0.83995,0.80597,0.006535,0.006535,0.006535
177,178,0.89915,0.89914,0.45936,0.79125,0.89314,0.67488,0.80149,0.54901,0.77059,0.58128,0.62874,0.20727,1.1559,1.2923,0.85428,0.80835,0.0065152,0.0065152,0.0065152
178,179,0.86245,0.89035,0.44611,0.78934,0.92842,0.67085,0.80931,0.55994,0.8236,0.56404,0.65754,0.22663,1.1286,1.2804,0.80256,0.80578,0.0064954,0.0064954,0.0064954
179,180,0.87273,0.85156,0.44972,0.79431,0.87554,0.71675,0.81935,0.56316,0.81241,0.58374,0.65663,0.23189,1.132,1.2467,0.82379,0.80405,0.0064756,0.0064756,0.0064756
180,181,0.8776,0.89187,0.44847,0.78667,0.89363,0.70355,0.81451,0.54138,0.76294,0.58374,0.60901,0.20906,1.1566,1.2733,0.8088,0.80474,0.0064558,0.0064558,0.0064558
181,182,0.86775,0.83175,0.45127,0.79285,0.87831,0.6798,0.803,0.54928,0.7977,0.53417,0.60862,0.22349,1.1615,1.3098,0.8132,0.80517,0.006436,0.006436,0.006436
182,183,0.87333,0.88536,0.45512,0.78967,0.86838,0.74749,0.83445,0.56281,0.72075,0.60395,0.61223,0.21836,1.1759,1.2645,0.75661,0.80719,0.0064162,0.0064162,0.0064162
183,184,0.85192,0.84787,0.43829,0.79342,0.90437,0.72205,0.83833,0.56282,0.77464,0.5936,0.64265,0.2022,1.1616,1.2899,0.79088,0.80594,0.0063964,0.0063964,0.0063964
184,185,0.86714,0.92807,0.4589,0.78779,0.91067,0.70197,0.81739,0.54896,0.77568,0.57635,0.62075,0.21264,1.1634,1.2978,0.85018,0.80608,0.0063766,0.0063766,0.0063766
185,186,0.86071,0.83856,0.4404,0.79384,0.89029,0.70443,0.81574,0.55361,0.74105,0.57635,0.61691,0.21665,1.1563,1.3034,0.80289,0.80559,0.0063568,0.0063568,0.0063568
186,187,0.85585,0.84555,0.43631,0.79261,0.85396,0.74631,0.83882,0.56428,0.80956,0.57635,0.65122,0.23054,1.152,1.3147,0.76214,0.80497,0.006337,0.006337,0.006337
187,188,0.87752,0.92619,0.4533,0.79477,0.86949,0.71921,0.82634,0.56508,0.78463,0.58128,0.64197,0.21813,1.1222,1.2662,0.76868,0.80519,0.0063172,0.0063172,0.0063172
188,189,0.85318,0.84665,0.45036,0.79841,0.8149,0.74384,0.82345,0.56084,0.7374,0.57882,0.61585,0.2137,1.1251,1.3046,0.77665,0.80346,0.0062974,0.0062974,0.0062974
189,190,0.86247,0.88065,0.44072,0.79257,0.89083,0.69212,0.8226,0.56243,0.77403,0.58128,0.6434,0.22723,1.124,1.2703,0.82893,0.80335,0.0062776,0.0062776,0.0062776
190,191,0.86205,0.90096,0.44226,0.7929,0.85162,0.73508,0.82959,0.56604,0.78885,0.55665,0.63048,0.22444,1.1498,1.2367,0.83072,0.8057,0.0062578,0.0062578,0.0062578
191,192,0.83565,0.86428,0.43882,0.79387,0.86394,0.7194,0.81622,0.5667,0.75817,0.59606,0.62518,0.22522,1.1361,1.2105,0.80367,0.80508,0.006238,0.006238,0.006238
192,193,0.84691,0.86055,0.44166,0.78805,0.90044,0.71288,0.81656,0.56514,0.778,0.60423,0.63567,0.22109,1.1185,1.2579,0.82003,0.80461,0.0062182,0.0062182,0.0062182
193,194,0.85225,0.87749,0.44921,0.79181,0.87468,0.70197,0.8009,0.54998,0.73093,0.5955,0.62398,0.22652,1.1455,1.2849,0.89737,0.80346,0.0061984,0.0061984,0.0061984
194,195,0.87232,0.88849,0.45098,0.79438,0.8767,0.68298,0.79415,0.54695,0.80234,0.5699,0.62467,0.2265,1.144,1.3187,0.87184,0.80505,0.0061786,0.0061786,0.0061786
195,196,0.86438,0.88946,0.43529,0.79572,0.90276,0.67488,0.80224,0.54908,0.76815,0.57143,0.62338,0.22247,1.1486,1.3045,0.89694,0.80721,0.0061588,0.0061588,0.0061588
196,197,0.85623,0.83418,0.43027,0.79352,0.87308,0.69467,0.81272,0.55343,0.75067,0.56158,0.63038,0.22369,1.1436,1.33,0.90315,0.80492,0.006139,0.006139,0.006139
197,198,0.84793,0.84822,0.43878,0.78717,0.86121,0.69704,0.80219,0.54782,0.79021,0.54738,0.61546,0.21364,1.1619,1.371,0.88233,0.80612,0.0061192,0.0061192,0.0061192
198,199,0.83172,0.81869,0.42442,0.78979,0.90633,0.70443,0.81133,0.54797,0.76627,0.5814,0.62127,0.21889,1.1897,1.3828,0.88169,0.80791,0.0060994,0.0060994,0.0060994
199,200,0.85251,0.87237,0.44156,0.79194,0.83056,0.72441,0.82635,0.55454,0.80448,0.57635,0.64042,0.22775,1.1753,1.3379,0.83476,0.80633,0.0060796,0.0060796,0.0060796
200,201,0.83758,0.82627,0.43215,0.78956,0.86673,0.71429,0.82806,0.56347,0.82173,0.57882,0.65051,0.23522,1.1484,1.2582,0.80939,0.80337,0.0060598,0.0060598,0.0060598
201,202,0.82925,0.87835,0.42269,0.78557,0.91142,0.70964,0.83025,0.56825,0.79273,0.58621,0.64378,0.22923,1.1242,1.2048,0.80101,0.80147,0.00604,0.00604,0.00604
202,203,0.84341,0.8294,0.43059,0.79342,0.87558,0.71429,0.82558,0.56341,0.74596,0.60837,0.64482,0.22361,1.1096,1.2147,0.8243,0.80301,0.0060202,0.0060202,0.0060202
203,204,0.85264,0.8656,0.44325,0.79482,0.87764,0.72906,0.83083,0.56724,0.79225,0.57389,0.63572,0.21665,1.1135,1.2184,0.81369,0.80206,0.0060004,0.0060004,0.0060004
204,205,0.84176,0.83814,0.4301,0.79917,0.846,0.76108,0.82776,0.56969,0.69306,0.62315,0.63549,0.2208,1.1233,1.2152,0.82986,0.80257,0.0059806,0.0059806,0.0059806
205,206,0.864,0.86119,0.43348,0.78849,0.91272,0.6954,0.82688,0.56506,0.79992,0.57635,0.65497,0.22856,1.1437,1.2358,0.85126,0.80425,0.0059608,0.0059608,0.0059608
206,207,0.82445,0.89676,0.42687,0.78955,0.86565,0.73399,0.82592,0.56909,0.76247,0.58621,0.64302,0.22535,1.1344,1.2587,0.8808,0.80442,0.005941,0.005941,0.005941
207,208,0.81943,0.85396,0.42255,0.78941,0.84519,0.72614,0.80978,0.55707,0.78145,0.56364,0.61648,0.21152,1.1261,1.2623,0.84441,0.80415,0.0059212,0.0059212,0.0059212
208,209,0.82018,0.78552,0.41926,0.79117,0.86065,0.71182,0.80567,0.55369,0.77225,0.57389,0.61588,0.21178,1.1355,1.2448,0.84051,0.80355,0.0059014,0.0059014,0.0059014
209,210,0.83804,0.83596,0.43026,0.79514,0.9134,0.70936,0.81805,0.563,0.77348,0.58872,0.63483,0.21298,1.1492,1.2656,0.81698,0.80564,0.0058816,0.0058816,0.0058816
210,211,0.85356,0.87869,0.42597,0.79551,0.91141,0.70948,0.82866,0.57047,0.79544,0.57468,0.62595,0.21371,1.1453,1.2791,0.79965,0.80618,0.0058618,0.0058618,0.0058618
211,212,0.82962,0.8662,0.43358,0.78648,0.93735,0.70023,0.82824,0.56896,0.77909,0.582,0.62254,0.21203,1.1516,1.3371,0.80199,0.80385,0.005842,0.005842,0.005842
212,213,0.85366,0.84234,0.43624,0.78884,0.9138,0.70498,0.81569,0.55581,0.78161,0.58374,0.6387,0.21745,1.1661,1.4116,0.86007,0.80519,0.0058222,0.0058222,0.0058222
213,214,0.84153,0.8112,0.43668,0.78706,0.93167,0.69458,0.81701,0.55653,0.79041,0.58867,0.6284,0.22319,1.1562,1.3984,0.85938,0.80405,0.0058024,0.0058024,0.0058024
214,215,0.80185,0.85434,0.41651,0.78219,0.9625,0.68719,0.82351,0.56495,0.81444,0.58128,0.63264,0.21941,1.1393,1.3647,0.85052,0.8029,0.0057826,0.0057826,0.0057826
215,216,0.81283,0.82156,0.42015,0.79174,0.91203,0.71496,0.83335,0.57026,0.77271,0.58613,0.62765,0.21318,1.1389,1.3563,0.81467,0.80221,0.0057628,0.0057628,0.0057628
216,217,0.8272,0.84077,0.42045,0.79158,0.91913,0.69986,0.82875,0.5608,0.77153,0.58222,0.63704,0.21792,1.1356,1.3752,0.87949,0.8029,0.005743,0.005743,0.005743
217,218,0.83399,0.83479,0.43158,0.78766,0.85413,0.72906,0.8238,0.55716,0.80035,0.55172,0.6302,0.22467,1.147,1.4042,0.86126,0.80401,0.0057232,0.0057232,0.0057232
218,219,0.8493,0.86112,0.43257,0.79327,0.83811,0.7266,0.81791,0.55223,0.71754,0.5936,0.61595,0.20734,1.145,1.391,0.86416,0.8024,0.0057034,0.0057034,0.0057034
219,220,0.82566,0.82768,0.41501,0.78804,0.8638,0.71921,0.81098,0.55182,0.75053,0.58374,0.62179,0.21084,1.1625,1.3692,0.86806,0.80486,0.0056836,0.0056836,0.0056836
220,221,0.81958,0.85195,0.42375,0.78875,0.89549,0.68473,0.80943,0.54501,0.74776,0.57635,0.61591,0.21111,1.1666,1.3281,0.85382,0.80407,0.0056638,0.0056638,0.0056638
221,222,0.79479,0.7923,0.41157,0.78592,0.90084,0.70197,0.81074,0.54804,0.75036,0.57635,0.61227,0.21918,1.1637,1.3296,0.83154,0.80475,0.005644,0.005644,0.005644
222,223,0.80392,0.82428,0.40562,0.78716,0.92353,0.68418,0.81222,0.5488,0.79899,0.55419,0.60882,0.21667,1.1839,1.3578,0.8801,0.80633,0.0056242,0.0056242,0.0056242
223,224,0.83164,0.84716,0.42868,0.78587,0.92719,0.68719,0.81341,0.55246,0.803,0.55911,0.61538,0.21937,1.1634,1.3402,0.88319,0.80678,0.0056044,0.0056044,0.0056044
224,225,0.80219,0.8196,0.39905,0.79232,0.90007,0.70443,0.81705,0.5624,0.80312,0.56897,0.62757,0.22203,1.1397,1.3308,0.8865,0.80299,0.0055846,0.0055846,0.0055846
225,226,0.80426,0.80356,0.42081,0.7862,0.89786,0.71446,0.82246,0.56237,0.75014,0.57679,0.61059,0.21831,1.1304,1.3219,0.84693,0.80334,0.0055648,0.0055648,0.0055648
226,227,0.81469,0.83401,0.41568,0.78381,0.84548,0.75123,0.82709,0.56656,0.74158,0.60079,0.63635,0.22743,1.1262,1.3312,0.87653,0.80277,0.005545,0.005545,0.005545
227,228,0.82459,0.83003,0.41652,0.78864,0.82343,0.74138,0.82347,0.56472,0.68076,0.61452,0.62775,0.22526,1.1321,1.3471,0.8625,0.80409,0.0055252,0.0055252,0.0055252
228,229,0.81372,0.79801,0.42141,0.78516,0.92638,0.68719,0.8196,0.568,0.7692,0.55419,0.61178,0.21694,1.1281,1.3535,0.84017,0.80465,0.0055054,0.0055054,0.0055054
229,230,0.82462,0.81427,0.41316,0.78252,0.87284,0.74138,0.82418,0.56971,0.73302,0.61538,0.63406,0.22556,1.1141,1.3303,0.83423,0.80399,0.0054856,0.0054856,0.0054856
230,231,0.80125,0.80039,0.40442,0.7848,0.88953,0.7338,0.82395,0.57126,0.73919,0.60591,0.63266,0.2288,1.116,1.3137,0.84412,0.80404,0.0054658,0.0054658,0.0054658
231,232,0.79279,0.82285,0.40283,0.7827,0.92325,0.71429,0.82612,0.56723,0.73563,0.61684,0.64475,0.23734,1.0944,1.2896,0.85149,0.80329,0.005446,0.005446,0.005446
232,233,0.79865,0.81258,0.40556,0.78993,0.92119,0.71429,0.82137,0.56373,0.75352,0.58128,0.62672,0.22735,1.1109,1.3036,0.86609,0.80421,0.0054262,0.0054262,0.0054262
233,234,0.80725,0.80945,0.41269,0.78514,0.88142,0.73234,0.82038,0.57051,0.74092,0.59606,0.63902,0.22912,1.1083,1.3134,0.86714,0.80397,0.0054064,0.0054064,0.0054064
234,235,0.82064,0.80208,0.40945,0.78793,0.88716,0.71182,0.81714,0.56591,0.73871,0.59113,0.63228,0.22359,1.1135,1.3413,0.8793,0.80448,0.0053866,0.0053866,0.0053866
235,236,0.81294,0.81505,0.41498,0.79101,0.87971,0.7069,0.8115,0.55779,0.7998,0.58374,0.65144,0.22636,1.1152,1.3294,0.89947,0.80384,0.0053668,0.0053668,0.0053668
236,237,0.78183,0.81484,0.40092,0.78508,0.86277,0.72778,0.82201,0.56814,0.82153,0.57824,0.66536,0.23545,1.121,1.3313,0.89471,0.80413,0.005347,0.005347,0.005347
237,238,0.78402,0.83163,0.4059,0.78553,0.91523,0.69138,0.81843,0.56272,0.80448,0.57389,0.65607,0.23431,1.1246,1.3186,0.87351,0.80505,0.0053272,0.0053272,0.0053272
238,239,0.78309,0.80698,0.39022,0.78561,0.90726,0.69879,0.82546,0.56824,0.77019,0.58374,0.64802,0.23282,1.1336,1.3822,0.88102,0.80627,0.0053074,0.0053074,0.0053074
239,240,0.80182,0.7815,0.39305,0.79187,0.86625,0.74631,0.83531,0.57457,0.78774,0.58504,0.65587,0.23029,1.1274,1.4174,0.84583,0.80569,0.0052876,0.0052876,0.0052876
240,241,0.80383,0.79583,0.4092,0.789,0.90238,0.72861,0.82702,0.56979,0.75989,0.60837,0.63496,0.21722,1.1217,1.4215,0.82124,0.80434,0.0052678,0.0052678,0.0052678
241,242,0.80278,0.82541,0.4015,0.78322,0.90584,0.73458,0.83142,0.57566,0.77169,0.59942,0.64398,0.22888,1.1162,1.4096,0.82212,0.80288,0.005248,0.005248,0.005248
242,243,0.79229,0.81743,0.39718,0.78634,0.90431,0.72158,0.82745,0.57172,0.73717,0.58721,0.62554,0.21771,1.1316,1.3688,0.83803,0.80398,0.0052282,0.0052282,0.0052282
243,244,0.78597,0.78305,0.38948,0.79095,0.87437,0.73399,0.83218,0.57541,0.71066,0.5989,0.63156,0.22163,1.1262,1.3377,0.84994,0.80446,0.0052084,0.0052084,0.0052084
244,245,0.7809,0.8144,0.3933,0.78546,0.89518,0.7266,0.83409,0.57005,0.73454,0.59606,0.63935,0.21857,1.1293,1.3243,0.82878,0.80368,0.0051886,0.0051886,0.0051886
245,246,0.77642,0.75863,0.38562,0.78709,0.87567,0.72414,0.8255,0.57403,0.74294,0.59084,0.64224,0.22966,1.1255,1.3241,0.86264,0.80295,0.0051688,0.0051688,0.0051688
246,247,0.77687,0.76019,0.3941,0.79223,0.9052,0.71675,0.82147,0.56472,0.74438,0.58867,0.62564,0.22586,1.1305,1.3447,0.89732,0.80245,0.005149,0.005149,0.005149
247,248,0.78313,0.77945,0.39579,0.78598,0.89823,0.72414,0.82728,0.56836,0.72896,0.5697,0.61284,0.21925,1.1392,1.3392,0.89475,0.8022,0.0051292,0.0051292,0.0051292
248,249,0.78889,0.78378,0.39633,0.78291,0.89345,0.72284,0.83042,0.5715,0.79963,0.55046,0.62966,0.22202,1.1287,1.3163,0.87681,0.80346,0.0051094,0.0051094,0.0051094
249,250,0.78958,0.77447,0.38587,0.79526,0.88262,0.72232,0.82622,0.57601,0.7703,0.58621,0.64518,0.22696,1.126,1.2959,0.87132,0.80568,0.0050896,0.0050896,0.0050896
250,251,0.77874,0.81074,0.39266,0.78445,0.87929,0.73562,0.82615,0.57543,0.73209,0.61247,0.64435,0.22725,1.1439,1.2921,0.87696,0.8065,0.0050698,0.0050698,0.0050698
251,252,0.77089,0.77681,0.38516,0.78276,0.87484,0.72167,0.82264,0.5688,0.71663,0.60421,0.63597,0.23105,1.134,1.2909,0.88215,0.8052,0.00505,0.00505,0.00505
252,253,0.77299,0.77291,0.39308,0.78027,0.89047,0.71429,0.8214,0.56689,0.73553,0.59113,0.62239,0.22154,1.1353,1.3071,0.86773,0.80615,0.0050302,0.0050302,0.0050302
253,254,0.76097,0.78302,0.38586,0.78689,0.92395,0.71818,0.83022,0.57302,0.76416,0.60591,0.63732,0.22454,1.1343,1.3316,0.82028,0.80542,0.0050104,0.0050104,0.0050104
254,255,0.78527,0.77025,0.39736,0.78943,0.91385,0.7069,0.82655,0.57336,0.76969,0.59606,0.64724,0.22719,1.1301,1.3157,0.85751,0.80487,0.0049906,0.0049906,0.0049906
255,256,0.76463,0.74915,0.38049,0.78609,0.89697,0.70764,0.82496,0.57392,0.75324,0.59396,0.63684,0.23198,1.1177,1.2883,0.85768,0.80427,0.0049708,0.0049708,0.0049708
256,257,0.77532,0.82942,0.37773,0.78735,0.87098,0.73158,0.82406,0.57168,0.75142,0.60837,0.64187,0.2314,1.1173,1.2895,0.86051,0.80523,0.004951,0.004951,0.004951
257,258,0.75421,0.76516,0.37493,0.78682,0.91245,0.71921,0.8284,0.57204,0.74718,0.59689,0.63408,0.22932,1.1116,1.2866,0.85637,0.80456,0.0049312,0.0049312,0.0049312
258,259,0.77279,0.7853,0.38308,0.78653,0.91008,0.73645,0.83779,0.57654,0.77089,0.61576,0.65458,0.23274,1.1188,1.2856,0.85015,0.80532,0.0049114,0.0049114,0.0049114
259,260,0.78124,0.77792,0.38823,0.78585,0.89187,0.75165,0.84825,0.58324,0.77502,0.63638,0.66927,0.23674,1.1253,1.2718,0.83559,0.80445,0.0048916,0.0048916,0.0048916
260,261,0.7882,0.85493,0.39915,0.78551,0.89493,0.75525,0.84869,0.58259,0.75556,0.61823,0.64717,0.23576,1.1212,1.2677,0.85392,0.80439,0.0048718,0.0048718,0.0048718
261,262,0.75411,0.73371,0.38676,0.78615,0.8869,0.74877,0.84174,0.57981,0.78345,0.60837,0.65798,0.236,1.1299,1.2997,0.85359,0.80492,0.004852,0.004852,0.004852
262,263,0.76826,0.77366,0.38279,0.77897,0.87086,0.74742,0.83457,0.57587,0.78558,0.5936,0.6462,0.23113,1.1301,1.3147,0.87845,0.80541,0.0048322,0.0048322,0.0048322
263,264,0.77876,0.77698,0.39107,0.78375,0.89089,0.74408,0.83561,0.5735,0.79751,0.59113,0.64629,0.23465,1.1255,1.312,0.84935,0.80365,0.0048124,0.0048124,0.0048124
264,265,0.76665,0.78055,0.37933,0.78673,0.91532,0.74551,0.83832,0.57605,0.78947,0.59606,0.64567,0.23141,1.1227,1.2831,0.84592,0.80342,0.0047926,0.0047926,0.0047926
265,266,0.75227,0.80524,0.37602,0.77764,0.90117,0.74113,0.83925,0.57753,0.74706,0.61835,0.64442,0.2391,1.1289,1.2775,0.86153,0.80435,0.0047728,0.0047728,0.0047728
266,267,0.77407,0.78584,0.39082,0.78217,0.89504,0.73516,0.83448,0.57443,0.76392,0.62069,0.66242,0.23943,1.1406,1.2832,0.87874,0.80624,0.004753,0.004753,0.004753
267,268,0.75835,0.79935,0.38464,0.77852,0.85901,0.76537,0.84054,0.57818,0.73316,0.64778,0.66854,0.24128,1.1302,1.2868,0.85645,0.80579,0.0047332,0.0047332,0.0047332
268,269,0.753,0.78311,0.38136,0.78358,0.90675,0.73399,0.83819,0.58143,0.77962,0.62737,0.6686,0.24635,1.1374,1.3021,0.85032,0.80323,0.0047134,0.0047134,0.0047134
269,270,0.74637,0.78657,0.37055,0.78804,0.89676,0.7266,0.8297,0.56992,0.78554,0.61823,0.66894,0.24381,1.1376,1.3092,0.8538,0.80324,0.0046936,0.0046936,0.0046936
270,271,0.73305,0.77187,0.36939,0.78164,0.90664,0.7266,0.82918,0.57172,0.79146,0.61694,0.67241,0.24333,1.1236,1.3033,0.84077,0.80329,0.0046738,0.0046738,0.0046738
271,272,0.75592,0.77962,0.37899,0.7896,0.90083,0.73831,0.81902,0.56651,0.76747,0.62808,0.6644,0.23453,1.1281,1.3084,0.88161,0.8038,0.004654,0.004654,0.004654
272,273,0.72764,0.73148,0.36647,0.77992,0.91635,0.72852,0.82399,0.57019,0.78315,0.62315,0.6717,0.23499,1.124,1.3066,0.86281,0.80264,0.0046342,0.0046342,0.0046342
273,274,0.7502,0.74822,0.37504,0.78801,0.91941,0.73059,0.8254,0.57244,0.7761,0.6133,0.64906,0.23073,1.1288,1.3235,0.86946,0.80385,0.0046144,0.0046144,0.0046144
274,275,0.72218,0.71473,0.36661,0.78802,0.91826,0.71945,0.82585,0.57088,0.79903,0.59113,0.65425,0.22695,1.1336,1.3309,0.873,0.80439,0.0045946,0.0045946,0.0045946
275,276,0.75549,0.80566,0.37205,0.78632,0.91745,0.72414,0.82167,0.56969,0.76588,0.60099,0.63802,0.23283,1.1292,1.3188,0.87183,0.80391,0.0045748,0.0045748,0.0045748
276,277,0.76503,0.78462,0.37601,0.78106,0.87702,0.73771,0.82286,0.57109,0.7568,0.59606,0.64323,0.22982,1.1339,1.3041,0.91435,0.80498,0.004555,0.004555,0.004555
277,278,0.76451,0.73932,0.37675,0.78864,0.88577,0.74631,0.82098,0.5697,0.74166,0.62227,0.64198,0.23036,1.13,1.2902,0.90682,0.80505,0.0045352,0.0045352,0.0045352
278,279,0.75706,0.77416,0.38115,0.78483,0.89335,0.72211,0.8202,0.56502,0.75331,0.60172,0.64602,0.2275,1.1264,1.2761,0.89961,0.80434,0.0045154,0.0045154,0.0045154
279,280,0.75764,0.74957,0.37226,0.77919,0.88879,0.70868,0.81548,0.56848,0.79967,0.57389,0.6423,0.23017,1.1273,1.2746,0.90709,0.80304,0.0044956,0.0044956,0.0044956
280,281,0.73425,0.75504,0.36263,0.78067,0.92607,0.69458,0.8225,0.57361,0.78134,0.58621,0.64591,0.2316,1.1251,1.2863,0.88708,0.80265,0.0044758,0.0044758,0.0044758
281,282,0.75273,0.7898,0.37286,0.78715,0.92472,0.69458,0.82537,0.57365,0.79607,0.58867,0.64676,0.22892,1.1126,1.2945,0.86076,0.80265,0.004456,0.004456,0.004456
282,283,0.71257,0.73502,0.35553,0.78387,0.92598,0.7087,0.82618,0.57449,0.78769,0.60311,0.65759,0.2316,1.1148,1.2931,0.86277,0.80302,0.0044362,0.0044362,0.0044362
283,284,0.73388,0.75886,0.36513,0.78135,0.91699,0.7069,0.82488,0.57061,0.76043,0.58621,0.64794,0.23048,1.1254,1.3107,0.84205,0.80321,0.0044164,0.0044164,0.0044164
284,285,0.73431,0.75779,0.36088,0.7825,0.92923,0.69704,0.82087,0.56313,0.76893,0.57635,0.6385,0.22573,1.1298,1.3213,0.87688,0.80306,0.0043966,0.0043966,0.0043966
285,286,0.75431,0.74077,0.37158,0.78243,0.9099,0.70197,0.81671,0.55619,0.73578,0.57143,0.61688,0.22108,1.1363,1.3319,0.8904,0.80285,0.0043768,0.0043768,0.0043768
286,287,0.72522,0.70734,0.36099,0.78137,0.93158,0.69458,0.8139,0.55712,0.7534,0.56439,0.61385,0.21138,1.1381,1.3416,0.87655,0.80328,0.004357,0.004357,0.004357
287,288,0.72494,0.7093,0.35863,0.78527,0.93647,0.68979,0.81039,0.55699,0.76614,0.56485,0.62204,0.21356,1.1399,1.3319,0.89446,0.80409,0.0043372,0.0043372,0.0043372
288,289,0.73456,0.73768,0.35589,0.78353,0.91363,0.7069,0.81605,0.56384,0.75243,0.5839,0.6288,0.22189,1.1365,1.3258,0.91667,0.80413,0.0043174,0.0043174,0.0043174
289,290,0.72792,0.75385,0.35694,0.78653,0.92009,0.71429,0.81796,0.5665,0.76032,0.58867,0.62646,0.22711,1.1481,1.3043,0.91388,0.80634,0.0042976,0.0042976,0.0042976
290,291,0.71689,0.77388,0.36328,0.78816,0.92038,0.7118,0.81074,0.56131,0.77451,0.57635,0.62487,0.22488,1.144,1.302,0.92028,0.80697,0.0042778,0.0042778,0.0042778
291,292,0.72921,0.75605,0.35943,0.79087,0.89915,0.7027,0.80802,0.56045,0.73607,0.59113,0.62818,0.22517,1.1376,1.2925,0.92947,0.80609,0.004258,0.004258,0.004258
292,293,0.72248,0.6899,0.35939,0.78331,0.92307,0.69951,0.81303,0.56532,0.73921,0.59344,0.62744,0.22565,1.1313,1.2962,0.92347,0.80544,0.0042382,0.0042382,0.0042382
293,294,0.73158,0.71736,0.36395,0.78686,0.93156,0.69704,0.81728,0.56392,0.76694,0.57389,0.62854,0.22605,1.1307,1.3129,0.89149,0.80527,0.0042184,0.0042184,0.0042184
294,295,0.72153,0.76017,0.3602,0.77325,0.9281,0.70197,0.82227,0.57067,0.72935,0.59113,0.63129,0.22196,1.1278,1.3014,0.89048,0.80447,0.0041986,0.0041986,0.0041986
295,296,0.71556,0.73355,0.3568,0.78431,0.92545,0.70325,0.82879,0.57415,0.75798,0.57389,0.63245,0.22607,1.1179,1.2916,0.8809,0.80388,0.0041788,0.0041788,0.0041788
296,297,0.73745,0.72035,0.36116,0.78676,0.90084,0.71607,0.8285,0.57619,0.7514,0.59606,0.64444,0.23075,1.1107,1.2871,0.88885,0.80371,0.004159,0.004159,0.004159
297,298,0.72654,0.74921,0.35907,0.78062,0.90899,0.72167,0.82853,0.57713,0.74851,0.60114,0.63661,0.23516,1.1102,1.2822,0.89633,0.80341,0.0041392,0.0041392,0.0041392
298,299,0.71285,0.70951,0.35849,0.78291,0.90348,0.71921,0.8259,0.57542,0.75922,0.60099,0.64185,0.23528,1.1047,1.2797,0.88763,0.80366,0.0041194,0.0041194,0.0041194
299,300,0.73062,0.74515,0.35843,0.7732,0.90779,0.72748,0.83051,0.57489,0.75768,0.61084,0.64192,0.23238,1.1005,1.2747,0.86026,0.80359,0.0040996,0.0040996,0.0040996
300,301,0.70751,0.7022,0.35841,0.78379,0.91223,0.71677,0.83165,0.5747,0.76506,0.60157,0.6429,0.23113,1.1084,1.2927,0.86147,0.80457,0.0040798,0.0040798,0.0040798
301,302,0.7304,0.76001,0.35871,0.7786,0.91519,0.72167,0.83204,0.57788,0.76522,0.60345,0.63467,0.22997,1.1075,1.3075,0.86813,0.80503,0.00406,0.00406,0.00406
302,303,0.72764,0.74118,0.35428,0.78882,0.89768,0.73472,0.8303,0.58047,0.75327,0.61576,0.64471,0.23183,1.1054,1.3178,0.87514,0.8046,0.0040402,0.0040402,0.0040402
303,304,0.72,0.72318,0.35174,0.78451,0.92138,0.72162,0.82952,0.58132,0.75556,0.60143,0.63886,0.23012,1.1025,1.3338,0.87847,0.80393,0.0040204,0.0040204,0.0040204
304,305,0.69592,0.67142,0.3444,0.78186,0.91961,0.71675,0.82741,0.58652,0.77402,0.60345,0.66067,0.23727,1.1047,1.3442,0.87987,0.80431,0.0040006,0.0040006,0.0040006
305,306,0.69838,0.72519,0.34975,0.77952,0.91092,0.73041,0.82608,0.58496,0.7588,0.61215,0.64699,0.23582,1.0994,1.3364,0.86181,0.80295,0.0039808,0.0039808,0.0039808
306,307,0.7094,0.70091,0.36444,0.77929,0.92058,0.7423,0.82784,0.5848,0.76656,0.6147,0.64575,0.23445,1.109,1.3433,0.86623,0.80282,0.003961,0.003961,0.003961
307,308,0.69497,0.70934,0.34485,0.77963,0.90869,0.74631,0.82969,0.58554,0.76056,0.60837,0.64638,0.23225,1.1127,1.3368,0.87137,0.80336,0.0039412,0.0039412,0.0039412
308,309,0.71303,0.72235,0.35369,0.78584,0.9001,0.73233,0.82829,0.58212,0.7623,0.60033,0.64469,0.23267,1.1167,1.336,0.87876,0.80294,0.0039214,0.0039214,0.0039214
309,310,0.6957,0.71469,0.34595,0.77871,0.91609,0.72609,0.82825,0.58379,0.76695,0.60793,0.64906,0.23698,1.1177,1.3279,0.8634,0.80302,0.0039016,0.0039016,0.0039016
310,311,0.71948,0.72853,0.34931,0.77589,0.92054,0.73153,0.8295,0.58293,0.7667,0.60837,0.64772,0.23602,1.1158,1.3144,0.88073,0.80303,0.0038818,0.0038818,0.0038818
311,312,0.71196,0.72006,0.35848,0.77653,0.91974,0.73389,0.82825,0.57943,0.77144,0.61084,0.64764,0.23141,1.1171,1.3084,0.90737,0.80297,0.003862,0.003862,0.003862
312,313,0.68706,0.70424,0.33981,0.77757,0.90781,0.7266,0.82422,0.57871,0.76019,0.61084,0.65292,0.23081,1.1247,1.3158,0.9286,0.80318,0.0038422,0.0038422,0.0038422
313,314,0.70651,0.70437,0.35821,0.7812,0.91596,0.72481,0.82556,0.57539,0.77184,0.61657,0.66026,0.23249,1.1247,1.3297,0.93981,0.8033,0.0038224,0.0038224,0.0038224
314,315,0.69782,0.7128,0.34385,0.78081,0.90494,0.72691,0.82655,0.57478,0.76626,0.61366,0.66322,0.22938,1.1232,1.3432,0.94372,0.80303,0.0038026,0.0038026,0.0038026
315,316,0.71129,0.70425,0.3605,0.78023,0.89534,0.73645,0.82908,0.57512,0.77433,0.62541,0.67059,0.2292,1.1285,1.36,0.93829,0.80355,0.0037828,0.0037828,0.0037828
316,317,0.70947,0.76264,0.34955,0.78066,0.90057,0.74138,0.82867,0.57586,0.77467,0.61816,0.66186,0.23121,1.1202,1.357,0.93015,0.80296,0.003763,0.003763,0.003763
317,318,0.69673,0.67645,0.34301,0.78184,0.91326,0.73892,0.82866,0.57926,0.78328,0.633,0.67321,0.2359,1.1125,1.3484,0.89114,0.80262,0.0037432,0.0037432,0.0037432
318,319,0.71475,0.69043,0.35148,0.78433,0.90811,0.73022,0.82964,0.57717,0.77427,0.6133,0.65959,0.23133,1.1116,1.3562,0.88105,0.80224,0.0037234,0.0037234,0.0037234
319,320,0.71664,0.68157,0.34562,0.77643,0.90809,0.73008,0.8319,0.5821,0.76876,0.61823,0.66093,0.23171,1.1137,1.3575,0.87466,0.80259,0.0037036,0.0037036,0.0037036
320,321,0.69044,0.71184,0.33898,0.775,0.91318,0.73645,0.83148,0.58017,0.77612,0.62562,0.66588,0.23018,1.1226,1.3627,0.88449,0.80326,0.0036838,0.0036838,0.0036838
321,322,0.70862,0.7339,0.34839,0.77601,0.91365,0.74138,0.83117,0.5805,0.77402,0.62808,0.66391,0.23057,1.1227,1.3662,0.91385,0.80335,0.003664,0.003664,0.003664
322,323,0.69902,0.70244,0.33988,0.77667,0.92741,0.74631,0.83394,0.58018,0.78796,0.633,0.66127,0.22931,1.1291,1.3646,0.91422,0.80345,0.0036442,0.0036442,0.0036442
323,324,0.67621,0.68791,0.33579,0.7856,0.92915,0.74291,0.83318,0.58043,0.78816,0.63233,0.65747,0.22694,1.128,1.3805,0.90219,0.80335,0.0036244,0.0036244,0.0036244
324,325,0.68661,0.70044,0.33737,0.77866,0.92154,0.74631,0.83239,0.57682,0.7745,0.62808,0.64692,0.22306,1.1177,1.3722,0.85913,0.80191,0.0036046,0.0036046,0.0036046
325,326,0.6847,0.73717,0.3422,0.77676,0.92003,0.7368,0.83148,0.57727,0.78171,0.62625,0.65851,0.22647,1.1189,1.3804,0.84189,0.80235,0.0035848,0.0035848,0.0035848
326,327,0.70217,0.70133,0.34438,0.78076,0.92856,0.73632,0.83318,0.57982,0.78294,0.62191,0.65501,0.22566,1.1205,1.3824,0.86682,0.80321,0.003565,0.003565,0.003565
327,328,0.72483,0.71441,0.36013,0.77984,0.93262,0.73399,0.83602,0.58166,0.78235,0.61976,0.65741,0.22867,1.1221,1.3915,0.85271,0.80381,0.0035452,0.0035452,0.0035452
328,329,0.69973,0.72727,0.34991,0.777,0.92746,0.73645,0.83752,0.58341,0.78194,0.62069,0.65612,0.22978,1.1185,1.3961,0.85592,0.80451,0.0035254,0.0035254,0.0035254
329,330,0.68838,0.70224,0.34456,0.77947,0.92767,0.74384,0.8355,0.5819,0.7777,0.62041,0.64977,0.23015,1.1273,1.3931,0.86503,0.80693,0.0035056,0.0035056,0.0035056
330,331,0.67549,0.66157,0.33465,0.7752,0.92327,0.74097,0.83554,0.57999,0.77279,0.61994,0.6529,0.23451,1.1215,1.3816,0.85876,0.80613,0.0034858,0.0034858,0.0034858
331,332,0.67368,0.70366,0.33611,0.77895,0.93751,0.7266,0.83676,0.57925,0.78844,0.61084,0.65848,0.23604,1.1227,1.3807,0.86225,0.80571,0.003466,0.003466,0.003466
332,333,0.68806,0.71382,0.33585,0.7779,0.93546,0.72906,0.84055,0.58234,0.79277,0.61248,0.66139,0.23961,1.1162,1.3868,0.86242,0.80537,0.0034462,0.0034462,0.0034462
333,334,0.68937,0.68462,0.33387,0.78302,0.93645,0.72594,0.83821,0.57925,0.79699,0.61576,0.66142,0.23466,1.1216,1.3884,0.8761,0.80445,0.0034264,0.0034264,0.0034264
334,335,0.67927,0.66803,0.33129,0.77298,0.94199,0.71675,0.83735,0.5807,0.7882,0.60496,0.65041,0.23375,1.1158,1.3703,0.8719,0.80513,0.0034066,0.0034066,0.0034066
335,336,0.66649,0.67982,0.33229,0.77707,0.91646,0.72951,0.83788,0.58316,0.77024,0.60278,0.65251,0.23648,1.1159,1.3893,0.8842,0.80491,0.0033868,0.0033868,0.0033868
336,337,0.66843,0.68661,0.33782,0.78051,0.91878,0.72906,0.83966,0.58487,0.76312,0.60099,0.65044,0.23681,1.1157,1.3844,0.86291,0.8046,0.003367,0.003367,0.003367
337,338,0.6796,0.68981,0.32405,0.78055,0.91737,0.7266,0.83811,0.58222,0.78064,0.60837,0.65369,0.23447,1.1195,1.381,0.85701,0.80475,0.0033472,0.0033472,0.0033472
338,339,0.6587,0.64494,0.32283,0.77443,0.92222,0.73014,0.83871,0.58597,0.77462,0.60952,0.64881,0.23255,1.1174,1.3802,0.85031,0.80458,0.0033274,0.0033274,0.0033274
339,340,0.65935,0.658,0.32014,0.77418,0.93303,0.72058,0.84049,0.58731,0.78392,0.60345,0.65149,0.23436,1.118,1.3846,0.85503,0.80429,0.0033076,0.0033076,0.0033076
340,341,0.70264,0.68917,0.33769,0.77824,0.93548,0.72167,0.84217,0.58663,0.78197,0.60345,0.65197,0.23526,1.1154,1.3837,0.84916,0.80409,0.0032878,0.0032878,0.0032878
341,342,0.65425,0.65253,0.3263,0.77836,0.93345,0.72555,0.84479,0.59131,0.78025,0.60591,0.65463,0.23698,1.113,1.3833,0.82702,0.80306,0.003268,0.003268,0.003268
342,343,0.68572,0.69169,0.33278,0.77773,0.92561,0.73551,0.84126,0.5879,0.77408,0.60763,0.6517,0.23452,1.1184,1.3862,0.81518,0.80377,0.0032482,0.0032482,0.0032482
343,344,0.66312,0.65367,0.32,0.77723,0.91833,0.74775,0.84159,0.58862,0.76478,0.62315,0.65718,0.23877,1.1114,1.3826,0.82027,0.80322,0.0032284,0.0032284,0.0032284
344,345,0.68443,0.71069,0.33447,0.77762,0.90507,0.75148,0.84084,0.59079,0.75378,0.62587,0.65545,0.23668,1.1104,1.3829,0.83397,0.80241,0.0032086,0.0032086,0.0032086
345,346,0.65134,0.66388,0.32851,0.76917,0.91558,0.74801,0.84001,0.59026,0.76545,0.62315,0.65474,0.23483,1.1088,1.3862,0.84632,0.80201,0.0031888,0.0031888,0.0031888
346,347,0.66505,0.67515,0.33102,0.77644,0.91398,0.74631,0.83985,0.58876,0.76618,0.62562,0.64824,0.23277,1.1059,1.385,0.86252,0.80197,0.003169,0.003169,0.003169
347,348,0.67562,0.66996,0.3428,0.77942,0.91055,0.75214,0.83829,0.58901,0.76486,0.633,0.64878,0.23475,1.1049,1.3874,0.85911,0.80213,0.0031492,0.0031492,0.0031492
348,349,0.67139,0.71112,0.32802,0.78071,0.90462,0.74757,0.83932,0.58912,0.7612,0.6281,0.65695,0.2388,1.1063,1.3908,0.84207,0.8025,0.0031294,0.0031294,0.0031294
349,350,0.65725,0.64061,0.32704,0.78075,0.90463,0.74759,0.83967,0.58671,0.76209,0.62808,0.65662,0.23679,1.1065,1.3789,0.83833,0.80347,0.0031096,0.0031096,0.0031096
350,351,0.67458,0.69058,0.32595,0.77729,0.92048,0.74384,0.8393,0.58442,0.77309,0.62808,0.65897,0.2378,1.1154,1.4022,0.85478,0.80302,0.0030898,0.0030898,0.0030898
351,352,0.67044,0.70526,0.33903,0.77847,0.90447,0.74626,0.8376,0.58102,0.77908,0.6254,0.66425,0.23723,1.1198,1.4015,0.85806,0.80307,0.00307,0.00307,0.00307
352,353,0.66547,0.66292,0.32598,0.77948,0.90206,0.74861,0.83529,0.58168,0.76674,0.63054,0.66195,0.23568,1.1185,1.3964,0.86092,0.80257,0.0030502,0.0030502,0.0030502
353,354,0.67462,0.67581,0.32558,0.77006,0.89512,0.73892,0.83414,0.58223,0.76492,0.62808,0.65574,0.23624,1.115,1.3918,0.86031,0.80237,0.0030304,0.0030304,0.0030304
354,355,0.66168,0.65093,0.32155,0.77983,0.91712,0.73592,0.83585,0.58464,0.76218,0.62315,0.65453,0.23547,1.1187,1.3916,0.85333,0.80247,0.0030106,0.0030106,0.0030106
355,356,0.66908,0.6703,0.3255,0.78114,0.90411,0.73892,0.83626,0.58501,0.75112,0.61699,0.65174,0.23674,1.1199,1.3864,0.85492,0.80256,0.0029908,0.0029908,0.0029908
356,357,0.66086,0.67581,0.31759,0.77897,0.90399,0.74138,0.83572,0.58644,0.75287,0.63031,0.64943,0.23479,1.1153,1.3742,0.85269,0.80249,0.002971,0.002971,0.002971
357,358,0.65129,0.64376,0.31506,0.77245,0.90148,0.74376,0.83597,0.58887,0.74256,0.62069,0.64874,0.23287,1.1167,1.3679,0.85799,0.80257,0.0029512,0.0029512,0.0029512
358,359,0.66514,0.64795,0.32772,0.77904,0.89964,0.74877,0.83711,0.5884,0.74803,0.62562,0.65886,0.23492,1.1158,1.3633,0.85823,0.80267,0.0029314,0.0029314,0.0029314
359,360,0.67245,0.67712,0.32424,0.78313,0.90657,0.75123,0.8367,0.58687,0.74748,0.62562,0.65021,0.23213,1.1142,1.3563,0.85579,0.80264,0.0029116,0.0029116,0.0029116
360,361,0.66087,0.67684,0.31478,0.782,0.91591,0.75117,0.83619,0.58884,0.74843,0.63054,0.64205,0.22685,1.1156,1.348,0.85886,0.80221,0.0028918,0.0028918,0.0028918
361,362,0.65276,0.67361,0.31619,0.77905,0.91605,0.75123,0.83652,0.58717,0.75435,0.62021,0.64377,0.22469,1.1137,1.3377,0.85695,0.80222,0.002872,0.002872,0.002872
362,363,0.65822,0.64146,0.31316,0.78535,0.92104,0.74704,0.83925,0.58944,0.76313,0.61896,0.64734,0.22689,1.1099,1.3346,0.85216,0.80232,0.0028522,0.0028522,0.0028522
363,364,0.65949,0.70571,0.32045,0.77915,0.91529,0.74513,0.83805,0.58677,0.76691,0.624,0.65547,0.22907,1.1077,1.3318,0.85791,0.80246,0.0028324,0.0028324,0.0028324
364,365,0.66138,0.66683,0.31454,0.77838,0.90995,0.74668,0.83846,0.59032,0.76418,0.62069,0.65104,0.23124,1.1015,1.329,0.87146,0.80213,0.0028126,0.0028126,0.0028126
365,366,0.65429,0.648,0.31817,0.77255,0.90184,0.74673,0.83847,0.59158,0.76428,0.6133,0.64975,0.23059,1.1052,1.3298,0.86566,0.80199,0.0027928,0.0027928,0.0027928
366,367,0.64371,0.67414,0.30914,0.77418,0.90429,0.74472,0.83618,0.59136,0.76217,0.61567,0.64745,0.22984,1.1037,1.3315,0.86007,0.80183,0.002773,0.002773,0.002773
367,368,0.65075,0.66244,0.31647,0.77665,0.91541,0.7463,0.83455,0.58901,0.76629,0.62184,0.65015,0.23043,1.1043,1.3312,0.86965,0.80231,0.0027532,0.0027532,0.0027532
368,369,0.64019,0.67069,0.31866,0.77754,0.90867,0.74631,0.83432,0.59063,0.76406,0.62215,0.6505,0.23031,1.1025,1.3311,0.86672,0.80265,0.0027334,0.0027334,0.0027334
