index,file_name,class
0,cifar10-train-25538.png,0
1,cifar10-train-1086.png,0
2,cifar10-train-12192.png,2
3,cifar10-train-43783.png,2
4,n03596543_2495.png,0
5,n03335030_17850.png,0
6,cifar10-test-6980.png,1
7,n02704645_9275.png,0
8,n03596543_1943.png,1
9,cifar10-train-27415.png,0
10,n04308273_4856.png,1
11,n02867715_7681.png,0
12,n04012084_10342.png,1
13,n04308397_647.png,3
14,n03595860_12031.png,0
15,n02842573_620.png,0
16,n02842573_5515.png,0
17,n02704645_12577.png,0
18,n04583620_2862.png,1
19,cifar10-test-4510.png,0
20,cifar10-train-13165.png,1
21,n02690373_6231.png,1
22,n02686121_778.png,0
23,cifar10-test-8358.png,1
24,n04222723_9480.png,2
25,n03577672_6736.png,0
26,n03809312_3488.png,2
27,cifar10-train-1664.png,2
28,n04160586_15142.png,0
29,cifar10-train-33819.png,0
30,n03577672_5790.png,0
31,n04160586_13574.png,0
32,n03365231_5965.png,3
33,n03595860_17086.png,0
34,n04308397_2504.png,1
35,n02842573_3869.png,2
36,n03596543_557.png,2
37,n03783873_6180.png,0
38,n03577672_12964.png,0
39,cifar10-train-19753.png,0
40,n02690373_120.png,0
41,n04230487_2699.png,3
42,n03215191_5469.png,0
43,n02691156_2641.png,2
44,n03335030_8732.png,0
45,n03798610_2130.png,0
46,n02867715_1548.png,1
47,n02842573_2827.png,0
48,n02842573_10639.png,2
49,n03335030_3603.png,0
50,n03365231_6684.png,2
51,n03596543_7149.png,0
52,n02867715_429.png,0
53,n02690373_9676.png,0
54,n03335030_21551.png,3
55,n04308397_5099.png,0
56,cifar10-test-9826.png,0
57,cifar10-test-298.png,0
58,n03335030_40398.png,0
59,n03798610_2230.png,0
60,n04308397_2252.png,0
61,n03215191_1419.png,0
62,cifar10-test-3.png,0
63,n04308273_24.png,2
64,n03215191_7178.png,1
65,cifar10-train-24676.png,1
66,n02867715_4969.png,0
67,n04308397_18.png,3
68,n02842573_8796.png,2
69,n02867715_18120.png,0
70,n02691156_11379.png,0
71,n03604311_7019.png,2
72,cifar10-test-4525.png,2
73,n03809312_1861.png,0
74,n04583620_2963.png,0
75,cifar10-test-6302.png,0
76,cifar10-test-2241.png,2
77,n02691156_1267.png,2
78,n02842573_10147.png,1
79,n02842573_9834.png,2
80,n02686121_418.png,2
81,cifar10-test-9841.png,0
82,n04160586_17306.png,4
83,n04012084_7269.png,0
84,n02691156_12569.png,3
85,n02690373_9848.png,0
86,n03174079_3474.png,0
87,n03809312_1640.png,1
88,n04308397_1119.png,1
89,cifar10-train-604.png,0
90,cifar10-train-8383.png,0
91,n03373611_3761.png,2
92,cifar10-test-9766.png,2
93,cifar10-test-9065.png,2
94,n02691156_585.png,1
95,n03604311_3624.png,0
96,n03596543_5597.png,0
97,n03809312_836.png,1
98,n04230487_4053.png,2
99,n04012482_4388.png,1
100,n04012084_9626.png,2
101,cifar10-train-12757.png,0
102,n03215191_2107.png,1
103,n03335030_3922.png,3
104,n02867715_3617.png,0
105,n02704645_11766.png,2
106,n03335030_26131.png,0
107,n02686121_637.png,0
108,n02686121_3204.png,1
109,n03604311_1566.png,1
110,cifar10-train-42376.png,0
111,n03595860_3673.png,0
112,n04230487_2769.png,3
113,n04308397_2659.png,0
114,n04012084_148.png,3
115,cifar10-test-8643.png,0
116,n03335030_3274.png,2
117,cifar10-test-7148.png,1
118,cifar10-test-4228.png,0
119,n03335030_49587.png,0
120,n03335030_15175.png,0
121,n03783873_10161.png,0
122,n02842573_10313.png,0
123,n03335030_10192.png,2
124,n03365231_3663.png,1
125,n03577672_16433.png,2
126,n02690373_9959.png,1
127,n03365231_15431.png,1
128,cifar10-test-8991.png,0
129,n02691156_17874.png,2
130,cifar10-test-3608.png,3
131,n04583620_10585.png,0
132,n02690373_7276.png,1
133,cifar10-test-3097.png,1
134,n02686121_7015.png,1
135,n02686121_4291.png,0
136,cifar10-test-9766.png,2
137,cifar10-test-9065.png,2
138,n02867715_14796.png,0
139,n03596543_5329.png,2
140,n02842573_106.png,0
141,n04308273_325.png,1
142,n03335030_26575.png,1
143,n02842573_3019.png,1
144,cifar10-train-43775.png,0
145,n02704645_3267.png,0
146,n02690373_2414.png,0
147,cifar10-train-35258.png,0
148,n03335030_697.png,0
149,n03596543_4507.png,0
150,n02686121_434.png,1
151,n03335030_16522.png,0
152,cifar10-train-14347.png,2
153,n04160586_11843.png,0
154,n03577672_2161.png,0
155,n04222723_3131.png,2
156,n02691156_3507.png,3
157,n04160586_26351.png,1
158,n03596543_2684.png,0
159,n02842573_10138.png,1
160,cifar10-test-1197.png,0
161,n04583620_6411.png,2
162,n04160586_4945.png,0
163,n03809312_4664.png,2
164,n03595860_2557.png,0
165,n02842573_5125.png,2
166,n03373611_10414.png,3
167,n04230487_2699.png,3
168,n04012084_8425.png,2
169,n03604311_1568.png,0
170,n04012084_3789.png,2
171,n02842573_4579.png,0
172,n02691156_10570.png,1
173,cifar10-test-6191.png,1
174,n04160586_25869.png,0
175,cifar10-test-6549.png,2
176,n02867715_5603.png,0
177,cifar10-test-4004.png,1
178,n02842573_9107.png,1
179,cifar10-test-4269.png,2
180,n02842573_9964.png,2
181,n03595860_9445.png,0
182,cifar10-train-42205.png,1
183,cifar10-train-2513.png,2
184,n02842573_7603.png,2
185,n02867715_15877.png,2
186,n03215191_5422.png,2
187,n03809312_4456.png,0
188,n02867715_11329.png,0
189,n03577672_11853.png,0
190,n04308397_1619.png,1
191,n02867715_13745.png,2
192,n02690373_4368.png,2
193,cifar10-test-1879.png,1
194,n03215191_3076.png,0
195,n04503499_4563.png,1
196,n03604311_8329.png,0
197,n04308273_1042.png,0
198,cifar10-train-13165.png,1
199,n02690373_2974.png,2
200,n04308273_1852.png,2
201,n03809312_2465.png,0
202,n04583620_9831.png,0
203,cifar10-test-6450.png,0
204,n02691156_38817.png,1
205,n04012084_4613.png,0
206,n04012084_2633.png,0
207,n03365231_4533.png,1
208,n03798610_932.png,2
209,cifar10-test-6400.png,3
210,n04012482_1333.png,0
211,n04583620_10109.png,2
212,n03595860_14038.png,0
213,cifar10-train-49100.png,2
214,cifar10-train-41235.png,2
215,n03595860_31241.png,1
216,cifar10-test-7477.png,0
217,n02867715_8367.png,0
218,cifar10-test-6966.png,1
219,n04222723_1420.png,3
220,n03604311_8960.png,0
221,cifar10-train-1329.png,0
222,n04308397_2105.png,0
223,n04308273_861.png,2
224,cifar10-train-12817.png,1
225,n03577672_12905.png,0
226,n04222723_6404.png,2
227,cifar10-train-2578.png,0
228,n03335030_2307.png,2
229,cifar10-train-43479.png,2
230,cifar10-test-5707.png,0
231,n03577672_4765.png,0
232,n04012084_8026.png,1
233,cifar10-train-14325.png,0
234,cifar10-test-6400.png,3
235,n02704645_2079.png,2
236,n03595860_3142.png,0
237,n03596543_8084.png,0
238,n04012084_900.png,2
239,n04583620_2650.png,1
240,n03604311_6792.png,2
241,n04222723_8308.png,1
242,n03365231_2995.png,3
243,n03365231_174.png,2
244,n03604311_8718.png,0
245,n02691156_394.png,0
246,cifar10-test-4639.png,1
247,n02691156_15954.png,2
248,n02842573_10761.png,0
249,cifar10-test-1574.png,0
250,n04222723_8742.png,1
251,cifar10-train-49091.png,3
252,n03335030_26635.png,0
253,n03215191_92.png,0
254,n02842573_9816.png,0
255,n03595860_2437.png,1
256,n03365231_2578.png,1
257,cifar10-train-25391.png,0
258,n03365231_6275.png,2
259,n03604311_8414.png,0
260,n03321419_1147.png,2
261,n02691156_3246.png,0
262,cifar10-test-116.png,2
263,cifar10-train-18436.png,2
264,n04583620_7926.png,1
265,cifar10-test-8265.png,0
266,n04308273_613.png,0
267,n03335030_14979.png,0
268,n04308397_957.png,0
269,n03373611_2922.png,0
270,n03365231_5802.png,0
271,n02842573_6728.png,0
272,n04012084_9864.png,1
273,n04012084_1230.png,1
274,n02686121_1784.png,0
275,n04308397_2494.png,0
276,n03373611_1010.png,3
277,n02704645_19335.png,1
278,n03577672_3539.png,0
279,n04308397_3072.png,0
280,n03798610_1014.png,1
281,n02691156_1058.png,2
282,n02867715_4099.png,1
283,n02704645_17318.png,2
284,n02691156_5731.png,2
285,cifar10-test-602.png,0
286,n03595860_1050.png,2
287,n03577672_2189.png,1
288,cifar10-train-36470.png,0
289,n03596543_1002.png,2
290,n03577672_12694.png,0
291,n03335030_14706.png,3
292,n03595860_3261.png,0
293,cifar10-test-7449.png,0
294,n03577672_21491.png,2
295,n04222723_7921.png,1
296,n04012482_6005.png,2
297,n03809312_1939.png,0
298,n02690373_1390.png,0
299,n02704645_401.png,3
300,cifar10-test-3429.png,2
301,cifar10-train-1329.png,0
302,n03577672_166.png,0
303,n04583620_2963.png,0
304,n03577672_12460.png,0
305,n04222723_7751.png,0
306,n03596543_6860.png,1
307,n03365231_6638.png,0
308,n02867715_3617.png,0
309,n04583620_2874.png,0
310,n04583620_10109.png,2
311,n03596543_2176.png,0
312,n03596543_7192.png,2
313,n04160586_986.png,2
314,n02691156_20922.png,2
315,n02690373_6363.png,0
316,n03365231_3432.png,3
317,n02690373_2993.png,0
318,n02867715_3026.png,2
319,n02704645_2743.png,2
320,n04160586_4326.png,2
321,n03335030_29612.png,1
322,n02686121_2991.png,1
323,cifar10-test-8061.png,0
324,n02842573_1957.png,0
325,cifar10-train-23781.png,0
326,cifar10-test-8894.png,1
327,n03577672_20419.png,0
328,n02704645_8888.png,2
329,n04308273_3048.png,0
330,n02691156_4240.png,2
331,n04308397_3286.png,2
332,cifar10-train-19753.png,0
333,n04222723_6754.png,2
334,n02690373_8304.png,2
335,n03604311_7733.png,1
336,n04160586_25869.png,0
337,cifar10-test-4854.png,2
338,cifar10-test-9577.png,0
339,cifar10-train-4726.png,1
340,cifar10-train-35490.png,2
341,n04012482_15320.png,2
342,n03365231_5384.png,2
343,cifar10-train-23738.png,0
344,n02691156_394.png,0
345,cifar10-test-447.png,0
346,n03596543_4752.png,1
347,n02704645_18681.png,0
348,n03596543_4507.png,0
349,n03365231_2035.png,3
350,n03604311_751.png,2
351,n03798610_1094.png,3
352,n02867715_18678.png,2
353,cifar10-train-29341.png,2
354,n03596543_5697.png,3
355,n03335030_19870.png,0
356,cifar10-test-1573.png,1
357,n02704645_5490.png,0
358,n03798610_2230.png,0
359,cifar10-test-2041.png,0
360,n02704645_13552.png,2
361,cifar10-test-6996.png,2
362,n04583620_7802.png,2
363,cifar10-test-9766.png,2
364,cifar10-test-3782.png,0
365,n02686121_2481.png,2
366,cifar10-test-2079.png,2
367,n02842573_5813.png,3
368,n03798610_1770.png,1
369,n03595860_16651.png,2
370,n03604311_511.png,0
371,cifar10-train-6242.png,2
372,cifar10-test-6057.png,2
373,n04160586_18035.png,2
374,cifar10-test-2040.png,2
375,n02686121_13596.png,0
376,cifar10-test-235.png,2
377,cifar10-test-8961.png,1
378,cifar10-test-3672.png,0
379,n02704645_16657.png,0
380,n04583620_4262.png,2
381,n03604311_1718.png,1
382,n02690373_2933.png,0
383,n03604311_8405.png,0
384,cifar10-test-8024.png,2
385,n03365231_6335.png,1
386,cifar10-test-4355.png,1
387,cifar10-test-5357.png,1
388,n04012482_4383.png,0
389,n02704645_13156.png,0
390,n03215191_8176.png,1
391,n02686121_3789.png,1
392,n04308397_4640.png,0
393,cifar10-test-3117.png,1
394,n03809312_1939.png,0
395,cifar10-train-14450.png,0
396,cifar10-train-27147.png,1
397,cifar10-train-39875.png,2
398,n02690373_7338.png,0
399,n04160586_4945.png,0
400,cifar10-train-9714.png,0
401,cifar10-train-28515.png,0
402,n04222723_8751.png,2
403,n03809312_2138.png,0
404,n02704645_17772.png,0
405,n02690373_466.png,3
406,cifar10-train-31970.png,1
407,cifar10-train-19332.png,2
408,n02690373_4565.png,0
409,n04160586_26641.png,1
410,n02691156_5952.png,2
411,n04160586_7632.png,1
412,cifar10-test-8572.png,1
413,n02690373_1506.png,0
414,n03365231_1720.png,3
415,cifar10-train-39026.png,1
416,cifar10-test-5036.png,1
417,n03596543_1651.png,0
418,n02686121_6602.png,0
419,n03798610_1058.png,2
420,n03373611_7536.png,2
421,n03335030_53627.png,2
422,n04012084_2595.png,2
423,n03321419_21585.png,2
424,n02691156_48956.png,1
425,n02704645_18812.png,2
426,n02686121_1908.png,0
427,n04012084_1947.png,3
428,n03321419_13803.png,1
429,n03596543_1332.png,0
430,n02691156_10193.png,1
431,n03335030_6141.png,2
432,n04222723_7310.png,1
433,n03215191_5822.png,0
434,n02691156_8335.png,0
435,cifar10-train-30426.png,1
436,n02867715_9664.png,1
437,n02686121_314.png,0
438,n03577672_8526.png,1
439,cifar10-train-4079.png,0
440,n04160586_3441.png,1
441,n04160586_5292.png,1
442,n03335030_26478.png,1
443,n02842573_3691.png,0
444,cifar10-test-847.png,0
445,n03335030_24208.png,0
446,cifar10-train-15255.png,2
447,n03595860_15800.png,2
448,n03595860_15381.png,1
449,cifar10-train-15466.png,1
450,cifar10-train-4141.png,0
451,n02686121_1026.png,2
452,n03809312_3902.png,2
453,n02867715_15368.png,2
454,n04012084_8025.png,0
455,n03596543_987.png,2
456,n03596543_2822.png,2
457,n03604311_5863.png,1
458,n04230487_570.png,0
459,n04583620_132.png,2
460,n02686121_9.png,0
461,n04583620_9403.png,0
462,cifar10-test-5891.png,0
463,n03595860_13774.png,2
464,n02691156_3507.png,3
465,n04230487_2961.png,1
466,n02842573_8608.png,1
467,n03373611_13239.png,0
468,n03604311_3552.png,0
469,n02686121_2766.png,0
470,n02842573_10313.png,0
471,n03809312_4484.png,1
472,cifar10-train-37806.png,3
473,n03604311_352.png,2
474,n02691156_10435.png,0
475,n03809312_2265.png,1
476,n04160586_26188.png,3
477,cifar10-train-7537.png,0
478,n02691156_6784.png,1
479,cifar10-test-98.png,0
480,n04012084_9915.png,1
481,n02704645_13989.png,3
482,n03604311_511.png,0
483,n03373611_57.png,2
484,cifar10-test-9065.png,2
485,n04583620_9646.png,1
486,n04012482_4521.png,2
487,n02842573_3332.png,1
488,cifar10-test-822.png,1
489,n04308273_3476.png,0
490,n02704645_7433.png,3
491,n04222723_8341.png,1
492,n02704645_13552.png,2
493,cifar10-test-4194.png,2
494,cifar10-test-6306.png,0
495,n02842573_10034.png,2
496,n03596543_2765.png,2
497,n04160586_2364.png,2
498,n03596543_6346.png,1
499,n04012084_3368.png,3
500,n03100240_15051.png,3
501,n03079136_11283.png,1
502,n03594945_642.png,2
503,n04037443_33992.png,1
504,n04322801_8029.png,2
505,n03079136_8309.png,1
506,cifar10-test-8123.png,1
507,n03543394_1773.png,1
508,n02930766_29059.png,1
509,n03594945_5480.png,1
510,n03079136_19847.png,3
511,n03594945_32465.png,1
512,n04097373_1750.png,0
513,n04201733_4902.png,1
514,n02814533_56686.png,2
515,n04037443_28349.png,1
516,n03268790_17398.png,2
517,n02814533_19816.png,1
518,n03594945_7294.png,3
519,cifar10-train-48917.png,1
520,n04037443_14143.png,2
521,n03141065_22820.png,1
522,n04201733_375.png,1
523,n04166281_7051.png,0
524,cifar10-train-15286.png,1
525,n03594945_4117.png,1
526,cifar10-train-4299.png,3
527,n03498781_2032.png,1
528,n03770679_10935.png,1
529,n03100240_16203.png,1
530,n03777568_6575.png,1
531,n04201733_4144.png,1
532,cifar10-test-7243.png,3
533,n04285965_7183.png,3
534,n02701002_1565.png,0
535,n04037443_17929.png,1
536,n04285965_17560.png,1
537,n02701002_4433.png,3
538,n04516354_4573.png,1
539,n04201733_3999.png,1
540,n04516354_5237.png,1
541,n02930766_23561.png,0
542,n02814533_44901.png,1
543,n04037443_8665.png,1
544,n03543394_13731.png,1
545,n03404012_1177.png,1
546,n03079136_11162.png,1
547,n02958343_9729.png,1
548,n02958343_12752.png,1
549,n03870105_494.png,1
550,n03079136_15131.png,1
551,n03881534_5968.png,0
552,n02701002_11802.png,1
553,cifar10-test-3987.png,1
554,n02814533_54380.png,1
555,cifar10-train-1747.png,1
556,n03421669_175.png,3
557,n02701002_4252.png,2
558,n04166281_146.png,1
559,n02814533_18340.png,0
560,n03100240_8196.png,1
561,n03421669_2040.png,1
562,n02814533_75173.png,1
563,n04285008_7647.png,1
564,n04347119_3306.png,1
565,n04285008_7776.png,1
566,n03670208_13632.png,2
567,n03670208_12822.png,3
568,cifar10-train-23280.png,1
569,n02814533_45060.png,1
570,n03079136_10368.png,1
571,n04285008_7866.png,1
572,n04322801_5933.png,2
573,n04302988_1198.png,0
574,n02930766_14289.png,2
575,n03594945_4464.png,1
576,n04322801_5155.png,0
577,cifar10-test-1013.png,1
578,n04285965_5427.png,1
579,cifar10-train-22048.png,2
580,n04285965_8869.png,1
581,n03268790_6353.png,2
582,n03680512_8647.png,1
583,n02831335_13533.png,1
584,cifar10-train-49748.png,2
585,n04166281_12831.png,1
586,n04285008_7704.png,1
587,n03770679_7325.png,1
588,n02814533_23796.png,1
589,n03119396_370.png,1
590,n03498781_937.png,1
591,n04037443_4443.png,2
592,n04166281_21047.png,1
593,n02930766_1112.png,1
594,cifar10-test-8764.png,1
595,n03594945_16311.png,1
596,cifar10-test-1747.png,1
597,n02958343_11739.png,1
598,n04347119_3076.png,0
599,n03543394_2054.png,2
600,n04037443_1606.png,2
601,n04097373_4888.png,1
602,n04037443_475.png,2
603,n03870105_5055.png,3
604,n02958343_8068.png,1
605,n03100240_6735.png,1
606,cifar10-test-1564.png,1
607,n04516354_8392.png,1
608,n03881534_1235.png,1
609,n04322801_1442.png,1
610,n04037443_22162.png,1
611,n02930766_26803.png,1
612,n03079136_8200.png,1
613,n04097373_8771.png,3
614,n02958343_81582.png,2
615,cifar10-test-3239.png,1
616,n02831335_16464.png,1
617,n03119396_5802.png,1
618,n04285008_14972.png,1
619,n04322801_2728.png,2
620,cifar10-test-9016.png,1
621,n03670208_3570.png,1
622,n04166281_3308.png,1
623,n04166281_6591.png,0
624,n02814533_3523.png,1
625,n03498781_1449.png,0
626,n02958343_10259.png,3
627,n04166281_7216.png,1
628,cifar10-train-30714.png,1
629,n03100240_11978.png,1
630,n04516354_4022.png,1
631,n04302988_271.png,1
632,n04285965_12232.png,1
633,n03594945_13232.png,1
634,n03670208_12426.png,1
635,n04201733_5925.png,1
636,n04166281_2442.png,1
637,n03594945_12191.png,1
638,n02701002_5586.png,1
639,n02701002_2338.png,1
640,cifar10-test-9645.png,1
641,n04166281_1984.png,1
642,cifar10-test-6159.png,1
643,n04201733_14292.png,1
644,cifar10-train-24137.png,1
645,cifar10-train-46956.png,1
646,n03680512_10608.png,2
647,n03543394_1773.png,1
648,n03670208_11548.png,0
649,n02831335_17431.png,0
650,n03498781_3313.png,1
651,n02930766_27530.png,3
652,n03670208_710.png,2
653,n03670208_12641.png,1
654,n03141065_27977.png,1
655,cifar10-test-7840.png,1
656,n04516354_1071.png,1
657,cifar10-test-9542.png,2
658,n03141065_18368.png,2
659,n02814533_13947.png,1
660,cifar10-test-953.png,1
661,cifar10-train-36935.png,1
662,n03777568_6543.png,1
663,cifar10-train-427.png,3
664,n04516354_4208.png,1
665,n04166281_21802.png,0
666,cifar10-test-1232.png,1
667,n03770679_16691.png,1
668,n03100240_16072.png,0
669,cifar10-train-17479.png,3
670,n02958343_7004.png,2
671,n04302988_3893.png,3
672,cifar10-train-33847.png,1
673,cifar10-test-3520.png,1
674,n03594945_7235.png,1
675,n03141065_25977.png,1
676,n03770679_10573.png,0
677,n02831335_6400.png,3
678,n03594945_30197.png,2
679,n04322801_985.png,1
680,n04037443_25543.png,2
681,n04285965_9457.png,0
682,n03141065_8929.png,3
683,n03670208_8563.png,1
684,n04037443_32918.png,1
685,cifar10-test-7634.png,0
686,n03543394_10717.png,1
687,cifar10-train-38744.png,1
688,n03268790_16424.png,3
689,n02701002_2980.png,3
690,n03268790_998.png,2
691,cifar10-train-32235.png,1
692,n02701002_3694.png,2
693,n02930766_4491.png,1
694,n03079136_15183.png,1
695,n03777568_4904.png,1
696,n03141065_6662.png,1
697,n02831335_19742.png,1
698,n04166281_22040.png,2
699,n02930766_19979.png,1
700,n03770679_9973.png,1
701,cifar10-test-1098.png,1
702,n03770679_12820.png,1
703,n04285965_1738.png,1
704,n04166281_23202.png,1
705,n03594945_8928.png,1
706,n03100240_8196.png,1
707,n03119396_1313.png,1
708,n04285008_8951.png,1
709,n03594945_7921.png,1
710,cifar10-test-6995.png,2
711,n03680512_9967.png,1
712,n04516354_3296.png,0
713,n03119396_4351.png,1
714,cifar10-train-38571.png,0
715,n03421669_2712.png,1
716,n03498781_6291.png,1
717,n03770085_5318.png,1
718,n03119396_1407.png,1
719,n04201733_9507.png,1
720,cifar10-train-2752.png,1
721,n03268790_17418.png,1
722,n03870105_4407.png,3
723,n04285008_628.png,1
724,n04347119_2359.png,1
725,n02831335_17451.png,0
726,n03670208_8653.png,1
727,n03770679_8707.png,1
728,n03119396_9119.png,3
729,n04322801_698.png,2
730,n03770679_1096.png,1
731,n03594945_13599.png,1
732,n03670208_2116.png,1
733,n04285008_9527.png,1
734,n03870105_3372.png,1
735,cifar10-train-427.png,3
736,n04201733_20443.png,1
737,n03498781_8330.png,1
738,cifar10-train-20988.png,0
739,n04516354_3259.png,1
740,n04322801_2908.png,1
741,n04201733_16417.png,1
742,n03493219_6866.png,1
743,n03498781_457.png,1
744,n03119396_1249.png,1
745,n03777568_5967.png,1
746,n04322801_7813.png,0
747,cifar10-train-28559.png,1
748,n04285965_9855.png,1
749,cifar10-test-3370.png,3
750,cifar10-train-42498.png,1
751,cifar10-train-29176.png,1
752,n03543394_2164.png,1
753,n02958343_12067.png,1
754,cifar10-train-19490.png,1
755,n03421669_763.png,1
756,n03268790_9891.png,1
757,cifar10-train-21429.png,1
758,n04037443_32918.png,1
759,n03594945_7498.png,1
760,cifar10-train-23897.png,0
761,n02814533_35760.png,1
762,cifar10-test-5396.png,1
763,n03100240_14785.png,2
764,cifar10-test-9197.png,1
765,cifar10-test-4371.png,1
766,n03777568_3537.png,1
767,cifar10-train-25842.png,1
768,n04322801_9158.png,1
769,n02814533_40679.png,2
770,n03498781_2693.png,1
771,n02930766_17031.png,1
772,cifar10-train-41147.png,1
773,cifar10-train-5811.png,2
774,n03498781_9490.png,2
775,cifar10-test-8049.png,1
776,cifar10-train-10902.png,1
777,cifar10-train-28381.png,3
778,cifar10-train-29252.png,1
779,n04516354_428.png,1
780,n03770085_4580.png,1
781,cifar10-test-1054.png,1
782,n03777568_8203.png,1
783,n02930766_21663.png,1
784,n04201733_17413.png,1
785,n02958343_13422.png,1
786,n04166281_22461.png,1
787,n04037443_25391.png,1
788,n02958343_49592.png,3
789,cifar10-train-45370.png,1
790,n02958343_22852.png,1
791,n04201733_11117.png,0
792,n04201733_4260.png,1
793,n03539103_2850.png,1
794,n03770085_5259.png,3
795,n03100240_961.png,1
796,n03268790_4118.png,1
797,cifar10-test-9797.png,1
798,n04166281_14423.png,1
799,n03670208_3838.png,1
800,n03100240_15434.png,1
801,n03594945_15162.png,1
802,n02958343_73218.png,2
803,cifar10-test-1850.png,0
804,n04201733_1526.png,1
805,n04201733_9507.png,1
806,n03100240_5883.png,1
807,n03268790_8098.png,1
808,n03404012_1142.png,2
809,n04037443_6147.png,1
810,cifar10-train-18698.png,1
811,n03498781_1497.png,1
812,n03770085_530.png,1
813,n03404012_1645.png,1
814,n03100240_4401.png,3
815,n03770085_3353.png,1
816,n03770679_12904.png,1
817,n03870105_3994.png,1
818,cifar10-train-4458.png,0
819,n04322801_11628.png,3
820,cifar10-test-4973.png,1
821,cifar10-test-1907.png,1
822,n03079136_16172.png,1
823,n03770679_12176.png,1
824,n03141065_23227.png,0
825,n03421669_3168.png,3
826,n03870105_1087.png,1
827,cifar10-train-2143.png,3
828,n02831335_8410.png,2
829,n04322801_7522.png,4
830,n04285008_15027.png,1
831,n03594945_12103.png,1
832,n02930766_526.png,3
833,n02814533_76.png,1
834,n02930766_19087.png,2
835,n04097373_5088.png,2
836,n04302988_1977.png,2
837,n03870105_4309.png,1
838,n03770679_32785.png,0
839,n03777568_312.png,0
840,cifar10-test-4288.png,1
841,cifar10-train-45714.png,3
842,n03770679_14158.png,0
843,n04201733_15405.png,1
844,n03498781_86.png,2
845,n04285965_6883.png,1
846,cifar10-test-2636.png,1
847,n03119396_7128.png,1
848,n03141065_11575.png,3
849,cifar10-train-19031.png,1
850,cifar10-test-801.png,3
851,n03421669_1447.png,1
852,cifar10-test-4206.png,1
853,n04097373_26080.png,0
854,n03594945_25618.png,1
855,n03594945_9452.png,1
856,n03421669_2588.png,3
857,n03539103_232.png,2
858,cifar10-test-2000.png,1
859,cifar10-test-5307.png,1
860,n03268790_2736.png,3
861,n04037443_5216.png,1
862,n04322801_1530.png,1
863,n03421669_175.png,3
864,n03870105_5802.png,3
865,cifar10-test-3215.png,1
866,n04097373_7858.png,2
867,cifar10-test-8712.png,2
868,n03594945_8940.png,1
869,cifar10-test-6566.png,1
870,n03680512_774.png,1
871,n03141065_17735.png,1
872,n03594945_22803.png,1
873,n02701002_10937.png,2
874,n03100240_12707.png,1
875,n03119396_3911.png,1
876,n03770085_2503.png,1
877,cifar10-train-37153.png,0
878,cifar10-train-49562.png,1
879,n03670208_11501.png,1
880,n03141065_31215.png,3
881,n04516354_908.png,1
882,cifar10-test-2334.png,1
883,cifar10-train-43847.png,1
884,n04201733_11360.png,2
885,n04037443_20819.png,3
886,n03119396_3581.png,1
887,n03670208_12792.png,1
888,n02958343_349.png,1
889,n03680512_4134.png,1
890,n03268790_156.png,3
891,n03498781_9133.png,1
892,n02814533_2964.png,0
893,n03594945_10688.png,1
894,n03079136_11102.png,1
895,n02958343_939.png,1
896,n04037443_10869.png,1
897,n04516354_6386.png,3
898,n02831335_15121.png,1
899,n02831335_17383.png,1
900,n04166281_6615.png,1
901,cifar10-train-42221.png,1
902,n03594945_7652.png,3
903,n04201733_14032.png,2
904,cifar10-test-8772.png,1
905,n03100240_6040.png,1
906,n03770085_2406.png,1
907,n04285965_16779.png,1
908,n04322801_7208.png,2
909,n04459122_81.png,1
910,n03680512_8517.png,2
911,n03680512_648.png,1
912,n03079136_16333.png,1
913,n03543394_10983.png,1
914,cifar10-test-895.png,1
915,n03770085_3871.png,1
916,n03594945_8236.png,1
917,n02701002_9663.png,1
918,n03342961_5758.png,1
919,cifar10-train-45105.png,1
920,n04285008_13085.png,1
921,cifar10-test-369.png,2
922,n02831335_15784.png,1
923,cifar10-test-7243.png,3
924,n03543394_10717.png,1
925,n03268790_4084.png,2
926,cifar10-test-3942.png,2
927,n04285965_13747.png,1
928,cifar10-test-987.png,2
929,n02958343_64563.png,1
930,cifar10-test-7936.png,1
931,n04285008_1949.png,1
932,cifar10-test-9178.png,1
933,n03670208_410.png,1
934,cifar10-test-4288.png,1
935,n04285008_3095.png,1
936,n03100240_16061.png,1
937,n04285965_19446.png,1
938,n04285965_13018.png,1
939,n02958343_4726.png,1
940,n03670208_23631.png,0
941,n03079136_17985.png,1
942,n02701002_2194.png,2
943,n04285965_12417.png,1
944,n02930766_657.png,4
945,n02930766_22008.png,0
946,n04347119_318.png,1
947,n03543394_522.png,2
948,cifar10-train-34809.png,1
949,cifar10-train-43297.png,3
950,n03770085_2566.png,3
951,n04201733_20538.png,2
952,cifar10-test-6759.png,2
953,cifar10-train-41010.png,1
954,n04322801_1155.png,3
955,n03777568_6926.png,1
956,n02958343_13634.png,1
957,n03268790_4261.png,3
958,cifar10-train-14470.png,3
959,n03770679_21704.png,2
960,n03493219_5856.png,1
961,n04285965_12417.png,1
962,n03421669_2005.png,1
963,n04322801_4437.png,1
964,cifar10-train-36237.png,1
965,n03119396_3121.png,1
966,n02831335_18328.png,3
967,n04322801_5528.png,1
968,n02831335_14668.png,1
969,n04201733_15246.png,3
970,n04322801_257.png,1
971,n02814533_74338.png,2
972,n03498781_457.png,1
973,n03268790_4200.png,1
974,n04516354_1394.png,1
975,n04097373_6510.png,2
976,n03770679_8879.png,0
977,n04516354_3744.png,1
978,n03421669_3168.png,3
979,n02814533_2355.png,1
980,n03268790_6218.png,1
981,n02958343_11665.png,1
982,cifar10-test-6150.png,1
983,cifar10-test-753.png,1
984,n03493219_1783.png,1
985,n03141065_13912.png,1
986,n03777568_1976.png,3
987,cifar10-test-3370.png,3
988,n04516354_1590.png,1
989,cifar10-test-1270.png,1
990,n04347119_372.png,1
991,cifar10-train-47535.png,1
992,n04201733_4288.png,1
993,n03594945_16660.png,1
994,cifar10-test-4893.png,1
995,n03141065_9641.png,2
996,n03870105_2615.png,2
997,cifar10-train-43684.png,1
998,n03543394_4880.png,1
999,n03680512_5657.png,1
1000,n02013706_973.png,2
1001,cifar10-test-3193.png,0
1002,cifar10-test-7049.png,0
1003,cifar10-test-5385.png,1
1004,n01856155_3337.png,3
1005,n01518878_5640.png,3
1006,cifar10-train-4052.png,2
1007,n01534582_8186.png,3
1008,n01607812_4338.png,3
1009,n01625562_3605.png,1
1010,cifar10-train-9137.png,1
1011,n01563128_439.png,0
1012,n01607600_1435.png,2
1013,n01812337_351.png,3
1014,n01620414_9448.png,1
1015,n01806364_1392.png,1
1016,n01554448_3488.png,1
1017,n01607812_4338.png,3
1018,n01853195_7749.png,1
1019,n01830915_4641.png,1
1020,cifar10-test-9783.png,1
1021,n02007558_10312.png,3
1022,cifar10-test-1450.png,2
1023,cifar10-train-17955.png,0
1024,n01607429_22.png,1
1025,n01620735_1861.png,1
1026,n01838598_13681.png,2
1027,cifar10-test-3085.png,1
1028,n01563449_1081.png,2
1029,n02060889_3056.png,1
1030,cifar10-test-6720.png,0
1031,n01581984_1664.png,2
1032,n01533893_5852.png,2
1033,n01594968_2595.png,0
1034,cifar10-test-7425.png,1
1035,n01817346_14272.png,1
1036,n01795088_269.png,0
1037,n01823740_200.png,0
1038,n01577035_5376.png,0
1039,n02021050_2.png,3
1040,n01519563_7321.png,0
1041,n01575745_7651.png,3
1042,n01857325_3659.png,1
1043,n01793340_7285.png,1
1044,n01599269_4927.png,0
1045,n01585715_1754.png,1
1046,n02027357_4218.png,3
1047,n01857512_1085.png,2
1048,n01608814_1576.png,2
1049,n02023992_5302.png,2
1050,cifar10-train-48321.png,3
1051,cifar10-test-4208.png,0
1052,n01592540_735.png,2
1053,n01859325_11878.png,3
1054,n01582856_4023.png,3
1055,cifar10-train-32582.png,0
1056,n02012185_3968.png,3
1057,cifar10-train-35360.png,0
1058,cifar10-test-8853.png,0
1059,n01525720_1825.png,2
1060,n02017725_2328.png,2
1061,cifar10-train-25174.png,2
1062,n01603812_745.png,2
1063,n02032480_7351.png,2
1064,n01587834_6081.png,1
1065,n01582856_4816.png,1
1066,n01596608_2030.png,2
1067,n01595624_2002.png,0
1068,cifar10-test-1758.png,0
1069,n01542168_1350.png,2
1070,n02023992_2444.png,0
1071,n01541386_7474.png,2
1072,n01533893_6206.png,0
1073,n01577035_3135.png,1
1074,cifar10-test-7019.png,2
1075,n01536035_879.png,0
1076,n01572489_9175.png,3
1077,n02030837_1461.png,0
1078,n01854700_1211.png,2
1079,cifar10-train-17883.png,0
1080,n01849466_4658.png,0
1081,n02050586_182.png,2
1082,cifar10-train-11241.png,2
1083,n02021795_1047.png,1
1084,cifar10-test-1656.png,2
1085,n01806143_2824.png,2
1086,n01540832_4419.png,2
1087,n02008497_2023.png,2
1088,cifar10-train-48531.png,1
1089,n01503976_10976.png,2
1090,n01840120_2528.png,1
1091,n01580870_11664.png,3
1092,cifar10-train-22373.png,2
1093,n01592387_9977.png,2
1094,cifar10-test-9070.png,2
1095,n01558307_10977.png,0
1096,n01851731_7064.png,2
1097,n01613294_3737.png,0
1098,n02028900_3058.png,1
1099,n01820546_6966.png,2
1100,n01538955_2628.png,2
1101,n01539925_20157.png,3
1102,n01618082_5507.png,1
1103,n02007558_10312.png,3
1104,n01530575_6513.png,2
1105,n02008497_1774.png,1
1106,n01585121_2270.png,2
1107,n02016816_9960.png,1
1108,cifar10-train-29636.png,3
1109,cifar10-test-7812.png,1
1110,n01592387_1764.png,2
1111,n01540233_2758.png,2
1112,n02050586_4706.png,2
1113,n01820546_6713.png,2
1114,n02015554_1241.png,3
1115,n01526766_2020.png,1
1116,n01585287_1993.png,2
1117,cifar10-test-8480.png,1
1118,n01818832_6878.png,0
1119,n01592694_173.png,2
1120,cifar10-test-6121.png,2
1121,n01821869_27256.png,3
1122,n02003577_2157.png,3
1123,n01818515_7512.png,2
1124,n01598588_85.png,0
1125,n02018368_3771.png,1
1126,n02056228_6546.png,0
1127,n01555809_11020.png,2
1128,n01826680_3404.png,2
1129,cifar10-test-6073.png,3
1130,n01558149_14488.png,0
1131,n01538059_1122.png,1
1132,n02032480_4093.png,2
1133,n02036053_10116.png,2
1134,n01591123_427.png,2
1135,n01560419_655.png,0
1136,cifar10-test-7049.png,0
1137,cifar10-test-7902.png,2
1138,n01620414_179.png,0
1139,n01558149_5707.png,0
1140,cifar10-train-49268.png,0
1141,n01560419_8333.png,2
1142,cifar10-train-13362.png,0
1143,n01852671_3666.png,2
1144,cifar10-train-9455.png,2
1145,n01839750_7448.png,0
1146,cifar10-train-11915.png,1
1147,n01526521_56.png,1
1148,n01531971_3597.png,1
1149,cifar10-test-5492.png,0
1150,n01528396_4154.png,3
1151,n01610226_154.png,2
1152,n02003839_3878.png,2
1153,n02027897_702.png,2
1154,n01849466_5801.png,1
1155,cifar10-test-6457.png,2
1156,n01597906_635.png,1
1157,n01606522_1628.png,2
1158,n01819115_12154.png,3
1159,n01828556_5873.png,0
1160,cifar10-train-44038.png,0
1161,n01535140_309.png,3
1162,n01606522_12033.png,0
1163,n02008796_13765.png,1
1164,n01853870_5501.png,2
1165,n02050442_4874.png,2
1166,n02008643_9.png,3
1167,n02007284_4918.png,1
1168,n01792640_12254.png,2
1169,n02008643_5730.png,2
1170,n01844746_2693.png,3
1171,n01612628_5390.png,3
1172,n01538059_5226.png,0
1173,cifar10-train-45079.png,0
1174,n01820052_6898.png,1
1175,n01848976_8970.png,1
1176,n01572782_3034.png,1
1177,n01563449_1007.png,2
1178,n01581166_17689.png,1
1179,n01591123_256.png,3
1180,n01548301_6601.png,0
1181,n01821869_1380.png,3
1182,n01858906_11030.png,2
1183,n02006364_4108.png,1
1184,n01596273_762.png,0
1185,n01603812_2515.png,1
1186,n01594004_7241.png,3
1187,cifar10-train-29912.png,3
1188,n01846331_1245.png,2
1189,n01814549_6744.png,0
1190,n01594787_8856.png,2
1191,n01624115_5500.png,3
1192,cifar10-test-873.png,2
1193,n01855476_4604.png,3
1194,n02050809_5944.png,0
1195,n01833805_10605.png,0
1196,n01811243_7315.png,1
1197,cifar10-train-32153.png,2
1198,n01612275_10999.png,2
1199,cifar10-train-27746.png,1
1200,n01581874_2036.png,3
1201,n01611800_9290.png,3
1202,n01590220_641.png,0
1203,n01572328_5026.png,3
1204,n01608432_13848.png,0
1205,cifar10-test-6427.png,2
1206,n01558461_145.png,0
1207,n02033208_6189.png,2
1208,n01842504_3322.png,2
1209,n02005790_7527.png,1
1210,cifar10-test-1587.png,2
1211,n02032355_1295.png,2
1212,n01542786_227.png,2
1213,n02050809_4055.png,3
1214,n01853870_5501.png,2
1215,n01844231_5518.png,2
1216,n02032355_1295.png,2
1217,cifar10-train-37766.png,2
1218,n01844917_6549.png,2
1219,cifar10-test-7858.png,0
1220,n01827793_5398.png,3
1221,n02022684_3442.png,1
1222,n01591123_427.png,2
1223,cifar10-test-9341.png,3
1224,n01557962_5460.png,2
1225,n01623110_2394.png,2
1226,n01835769_260.png,3
1227,n02027897_844.png,2
1228,n01614343_10462.png,1
1229,n02027492_8246.png,2
1230,n01547832_12380.png,1
1231,n01850373_9061.png,2
1232,cifar10-train-17693.png,1
1233,n02044778_631.png,0
1234,n01840412_7309.png,3
1235,cifar10-test-5739.png,2
1236,cifar10-test-9168.png,0
1237,n01574560_965.png,1
1238,n01565930_2130.png,2
1239,cifar10-train-27587.png,1
1240,cifar10-train-196.png,2
1241,n01792042_5848.png,0
1242,n02004492_4020.png,3
1243,n01560280_904.png,2
1244,cifar10-test-8062.png,3
1245,cifar10-train-33616.png,2
1246,n02003204_2174.png,2
1247,n01620414_1801.png,0
1248,n01549886_2825.png,2
1249,n01541102_146.png,2
1250,n01592387_1666.png,2
1251,n02005790_1924.png,1
1252,n01834540_5241.png,2
1253,cifar10-test-7216.png,2
1254,n02053083_1050.png,2
1255,cifar10-train-31773.png,2
1256,cifar10-test-900.png,3
1257,n02047614_9447.png,2
1258,n01818299_8170.png,3
1259,n01606809_4981.png,1
1260,cifar10-test-9033.png,1
1261,cifar10-test-7395.png,2
1262,n01579260_18700.png,1
1263,n01540832_5123.png,2
1264,n02002556_763.png,2
1265,n01814217_5413.png,1
1266,n02019929_5045.png,3
1267,n01622959_1694.png,1
1268,n01607429_22.png,1
1269,cifar10-test-450.png,1
1270,n01594968_2161.png,2
1271,n01597336_8572.png,3
1272,n01536334_8791.png,0
1273,n01809106_3545.png,2
1274,n01849466_7443.png,0
1275,cifar10-test-9917.png,2
1276,n01600657_4412.png,2
1277,cifar10-train-44739.png,2
1278,n01574045_11753.png,2
1279,n01583209_2767.png,1
1280,n01850192_10294.png,1
1281,cifar10-train-44113.png,2
1282,n01532829_242.png,1
1283,n01537895_2945.png,3
1284,n01594968_2623.png,2
1285,n02057330_5875.png,0
1286,n01533481_4049.png,2
1287,n01820546_6966.png,2
1288,n01607812_6517.png,2
1289,n01856072_5293.png,1
1290,n02032355_2946.png,2
1291,cifar10-test-758.png,0
1292,cifar10-test-6708.png,2
1293,n01597737_10968.png,2
1294,n01592387_6896.png,1
1295,n01549886_7495.png,2
1296,cifar10-train-39834.png,3
1297,n01806567_2496.png,0
1298,n01585121_2270.png,2
1299,cifar10-train-12387.png,3
1300,n02047614_3541.png,2
1301,n01558993_8838.png,2
1302,n02028451_4341.png,2
1303,n01597336_815.png,2
1304,n01533339_11387.png,3
1305,n01573627_3150.png,2
1306,n01789740_3075.png,2
1307,cifar10-test-592.png,0
1308,n01578180_7953.png,1
1309,n01528654_16686.png,2
1310,n01581984_113.png,3
1311,n01538955_55.png,1
1312,n01849676_1206.png,2
1313,n01853195_1922.png,0
1314,n02028727_7220.png,1
1315,n01560280_5405.png,1
1316,cifar10-test-1888.png,1
1317,n01584853_1045.png,2
1318,n01541386_6402.png,2
1319,n01797886_16230.png,2
1320,n01829413_2071.png,1
1321,cifar10-test-4995.png,3
1322,n01819313_3002.png,3
1323,n01600657_12998.png,0
1324,n01592257_7527.png,2
1325,n02042180_14584.png,2
1326,cifar10-train-7521.png,0
1327,cifar10-train-16439.png,2
1328,n01790711_2694.png,2
1329,n01598588_10319.png,1
1330,n02032222_4251.png,2
1331,n02050313_8243.png,2
1332,n02019190_3073.png,2
1333,n02027492_2930.png,2
1334,n01615303_1732.png,3
1335,cifar10-train-30628.png,0
1336,cifar10-train-16786.png,1
1337,cifar10-test-424.png,2
1338,n02002724_2583.png,3
1339,n01615121_4450.png,1
1340,n01569566_356.png,0
1341,cifar10-test-7206.png,1
1342,n01858845_18812.png,3
1343,n02004855_2040.png,2
1344,n01810268_3917.png,2
1345,n01852671_6939.png,1
1346,cifar10-test-9548.png,2
1347,n01828970_5640.png,2
1348,n01820546_6649.png,1
1349,n02003037_7105.png,0
1350,n01535690_5474.png,2
1351,cifar10-train-48739.png,0
1352,n01563746_4386.png,1
1353,n01538200_8167.png,0
1354,n02023855_3862.png,1
1355,n02034129_1800.png,0
1356,n01589286_14208.png,2
1357,n01857512_1085.png,2
1358,n01851207_10505.png,2
1359,cifar10-test-6922.png,3
1360,n02018368_719.png,2
1361,n01854838_4882.png,3
1362,n01839598_1098.png,2
1363,n02027357_3789.png,2
1364,n01830042_1890.png,0
1365,n01564914_4903.png,2
1366,n01806297_4853.png,2
1367,n01574045_148.png,2
1368,n01609751_13587.png,0
1369,n01616086_6819.png,1
1370,n01623425_4902.png,3
1371,n01830042_2817.png,3
1372,n02028900_7238.png,2
1373,n01563945_8362.png,2
1374,cifar10-train-11789.png,2
1375,n01529672_870.png,3
1376,n01576695_12634.png,2
1377,n01519873_1798.png,2
1378,n02008041_3476.png,1
1379,cifar10-train-40231.png,2
1380,n01559477_3560.png,0
1381,n01818299_8170.png,3
1382,n01530575_10003.png,0
1383,n01623615_3880.png,2
1384,n01859190_6193.png,2
1385,cifar10-train-35871.png,0
1386,n01536644_2170.png,2
1387,n01611472_1670.png,1
1388,n01813385_1347.png,1
1389,cifar10-test-725.png,2
1390,n02022684_4210.png,2
1391,n01579149_3908.png,2
1392,n01851731_3844.png,0
1393,n02008041_8602.png,3
1394,cifar10-train-8967.png,1
1395,n02029706_3602.png,2
1396,n01595974_12992.png,2
1397,cifar10-train-49721.png,3
1398,cifar10-train-40115.png,2
1399,cifar10-train-42542.png,0
1400,n02015357_1319.png,2
1401,n01843383_12374.png,2
1402,n01827403_6647.png,2
1403,n01521756_12896.png,0
1404,n01830042_391.png,2
1405,n01822300_2471.png,0
1406,cifar10-test-3167.png,2
1407,n01592387_9977.png,2
1408,n01573240_2388.png,0
1409,n01544389_218.png,0
1410,n02016816_1284.png,1
1411,n01832493_4769.png,0
1412,n01610955_3729.png,2
1413,n01823740_534.png,0
1414,n02044178_6185.png,0
1415,n01846331_9019.png,1
1416,n01560793_3711.png,2
1417,n01567879_1539.png,1
1418,cifar10-train-10280.png,1
1419,n01613807_5355.png,2
1420,n01564773_6887.png,0
1421,cifar10-test-2746.png,1
1422,n01805801_711.png,1
1423,cifar10-test-2332.png,0
1424,n01575401_10743.png,0
1425,n02048353_700.png,2
1426,cifar10-train-21824.png,0
1427,n01560793_3711.png,2
1428,cifar10-test-7829.png,2
1429,n01807496_12474.png,2
1430,n01562265_7730.png,1
1431,n01544704_3481.png,2
1432,n01527617_5019.png,2
1433,n02008796_13496.png,1
1434,n01840120_2528.png,1
1435,n02053425_12717.png,2
1436,cifar10-test-3989.png,1
1437,cifar10-test-8610.png,2
1438,n02010453_7498.png,3
1439,n01607600_810.png,2
1440,n01536780_718.png,2
1441,cifar10-train-47452.png,1
1442,cifar10-train-30887.png,2
1443,cifar10-test-3771.png,2
1444,n01817346_6769.png,0
1445,n01858845_6845.png,0
1446,n01793249_125.png,1
1447,n01599556_417.png,0
1448,n01844551_8709.png,2
1449,n02028035_6491.png,0
1450,n01596273_5667.png,2
1451,n01828096_1115.png,1
1452,n01614038_11567.png,1
1453,cifar10-train-26750.png,0
1454,n01594968_2866.png,0
1455,n02057731_3977.png,3
1456,n01563746_5672.png,1
1457,n01609062_555.png,2
1458,cifar10-train-14360.png,1
1459,n02056570_7306.png,3
1460,n02052775_1177.png,0
1461,n01536780_1554.png,2
1462,n02019929_8807.png,3
1463,n01579028_10925.png,1
1464,cifar10-test-7930.png,0
1465,n01572782_3920.png,0
1466,n01828556_6855.png,2
1467,n01615121_6602.png,0
1468,n01622483_5500.png,0
1469,cifar10-train-32151.png,3
1470,n01558993_7694.png,1
1471,cifar10-test-5522.png,2
1472,n01585121_691.png,2
1473,n02028451_914.png,0
1474,cifar10-test-6652.png,1
1475,cifar10-train-12043.png,1
1476,n02008497_705.png,1
1477,n01826680_3008.png,2
1478,n01803893_4340.png,2
1479,n01581874_3620.png,3
1480,n01586020_7119.png,1
1481,n01591123_3910.png,1
1482,cifar10-train-2387.png,0
1483,n01592694_11244.png,1
1484,n01568294_3664.png,0
1485,n02031298_5604.png,1
1486,n01789740_9844.png,2
1487,n01587526_8414.png,2
1488,n01624212_560.png,2
1489,cifar10-train-35259.png,3
1490,n01539573_1638.png,3
1491,n01543632_8787.png,1
1492,n01794158_17160.png,2
1493,n01834540_922.png,2
1494,cifar10-train-18650.png,2
1495,n02060411_1221.png,1
1496,n01820348_7203.png,2
1497,cifar10-train-16895.png,1
1498,n01821076_218.png,1
1499,n01858906_3951.png,3
1500,n02120997_11367.png,3
1501,n02125311_1093.png,2
1502,n02122725_4986.png,4
1503,n02123478_7124.png,4
1504,cifar10-train-13750.png,3
1505,n02125311_15885.png,1
1506,n02129604_285.png,2
1507,cifar10-train-13013.png,1
1508,n02129837_2341.png,2
1509,n02121808_1767.png,3
1510,cifar10-train-845.png,0
1511,cifar10-train-32108.png,3
1512,n02123917_1760.png,2
1513,n02123917_5402.png,1
1514,cifar10-train-18954.png,3
1515,n02125010_5934.png,1
1516,cifar10-test-4876.png,0
1517,n02122878_13609.png,3
1518,n02124313_4137.png,1
1519,cifar10-train-25882.png,0
1520,n02124075_7074.png,2
1521,n02124313_10980.png,1
1522,cifar10-train-26974.png,1
1523,cifar10-test-6375.png,2
1524,cifar10-test-5817.png,1
1525,n02129165_3143.png,3
1526,cifar10-train-23763.png,0
1527,cifar10-train-39910.png,1
1528,cifar10-test-2798.png,2
1529,n02121620_4769.png,0
1530,n02129991_2148.png,3
1531,n02129923_4932.png,2
1532,n02126139_5637.png,3
1533,n02125311_8711.png,1
1534,n02129837_7091.png,3
1535,n02123242_13605.png,3
1536,n02127808_213.png,3
1537,cifar10-test-5029.png,3
1538,cifar10-test-8382.png,2
1539,n02130308_9681.png,2
1540,n02129991_5500.png,3
1541,n02130308_5349.png,0
1542,n02125081_4840.png,2
1543,n02122725_7037.png,2
1544,n02123045_10286.png,2
1545,n02124313_12561.png,1
1546,n02129165_1238.png,1
1547,n02127052_22962.png,2
1548,cifar10-test-7214.png,1
1549,n02123242_2264.png,1
1550,cifar10-test-6225.png,0
1551,n02129463_2550.png,3
1552,cifar10-test-3130.png,3
1553,n01323068_7530.png,2
1554,n02121620_3452.png,2
1555,cifar10-test-4975.png,2
1556,cifar10-train-42433.png,3
1557,n02125081_4068.png,1
1558,cifar10-train-20520.png,3
1559,n02129837_7010.png,2
1560,n02124313_11583.png,0
1561,cifar10-train-29561.png,2
1562,cifar10-test-7952.png,2
1563,n02125311_8460.png,2
1564,n02129923_5483.png,0
1565,n02122298_30.png,1
1566,n02123394_1296.png,2
1567,n02122430_718.png,1
1568,cifar10-train-35271.png,3
1569,cifar10-train-25545.png,1
1570,n02129604_16645.png,2
1571,n02127808_13044.png,2
1572,n02129604_4815.png,2
1573,n02124623_14840.png,2
1574,n02125311_2032.png,3
1575,n02128385_1291.png,2
1576,cifar10-test-5433.png,2
1577,n02124313_3057.png,1
1578,n02123159_6159.png,3
1579,n02125494_7502.png,1
1580,n02121808_11469.png,0
1581,n02121808_23089.png,3
1582,cifar10-train-18371.png,1
1583,n02129463_2743.png,1
1584,n02120997_10675.png,2
1585,cifar10-train-5319.png,3
1586,n02125081_464.png,2
1587,cifar10-train-49773.png,0
1588,n02124484_4811.png,3
1589,cifar10-test-8193.png,3
1590,n02129604_2616.png,3
1591,n02129604_3728.png,1
1592,cifar10-test-2524.png,0
1593,n02123917_4891.png,1
1594,n02123159_5564.png,3
1595,n02129463_5632.png,0
1596,n02125311_2097.png,2
1597,n02123242_7977.png,1
1598,cifar10-train-5319.png,3
1599,n02122510_9217.png,3
1600,n01322898_10460.png,0
1601,n02126787_3425.png,1
1602,n02125311_8292.png,3
1603,n02123597_7419.png,2
1604,cifar10-test-6135.png,0
1605,n02128757_1656.png,1
1606,n01322898_10491.png,3
1607,n01323068_679.png,2
1608,n02123394_2903.png,3
1609,n02123045_4358.png,3
1610,n02129604_2893.png,3
1611,n02127052_11521.png,3
1612,n02129165_73.png,3
1613,cifar10-train-17939.png,3
1614,n02128385_1581.png,3
1615,n02128669_2661.png,1
1616,n02127052_6799.png,3
1617,n02122298_49277.png,2
1618,n02124484_882.png,1
1619,cifar10-train-43749.png,2
1620,n02122878_2777.png,3
1621,n02128757_5147.png,0
1622,n02124313_8663.png,3
1623,n02125010_1601.png,0
1624,n02123159_359.png,2
1625,cifar10-test-7475.png,3
1626,n02123045_9901.png,1
1627,n02128757_1791.png,3
1628,n02126139_6665.png,0
1629,n02122430_202.png,3
1630,n02129165_21660.png,2
1631,cifar10-test-4637.png,1
1632,n02122298_13190.png,0
1633,cifar10-test-3194.png,1
1634,n02122298_35948.png,0
1635,n02128925_29799.png,4
1636,cifar10-test-320.png,2
1637,cifar10-train-28190.png,2
1638,cifar10-test-882.png,0
1639,n02129165_73.png,3
1640,cifar10-test-7783.png,2
1641,cifar10-test-4962.png,2
1642,cifar10-test-7627.png,2
1643,cifar10-test-8200.png,1
1644,n02126317_10390.png,3
1645,n02127808_5486.png,3
1646,n02128925_28238.png,3
1647,n02129604_9147.png,1
1648,n02124313_9484.png,2
1649,n02125689_2955.png,1
1650,n02120997_6087.png,0
1651,n02122878_498.png,1
1652,n02129604_3454.png,3
1653,n02122510_286.png,2
1654,n02123917_6570.png,1
1655,n02124313_1531.png,1
1656,n02128757_11615.png,3
1657,n02120997_13081.png,1
1658,n02128385_1808.png,3
1659,n02121808_4282.png,2
1660,n02123242_4101.png,1
1661,n02124075_7387.png,2
1662,n02122725_18427.png,3
1663,n02122298_26567.png,0
1664,cifar10-train-14800.png,3
1665,n02123478_2056.png,3
1666,n02120997_9512.png,1
1667,n02128669_7683.png,1
1668,n02122725_6993.png,0
1669,n02121808_5259.png,1
1670,n02128669_11104.png,1
1671,n02127808_534.png,1
1672,n02123917_5191.png,0
1673,n02123917_3554.png,1
1674,n02129463_5304.png,3
1675,n02129463_955.png,2
1676,n02129463_5673.png,1
1677,n02124313_4504.png,3
1678,n02126787_2647.png,2
1679,n02124484_10276.png,3
1680,n02122725_1022.png,2
1681,cifar10-train-9909.png,2
1682,n02125311_8172.png,2
1683,n02123045_4850.png,0
1684,n02128385_14642.png,2
1685,n02129837_7183.png,2
1686,n01322898_4824.png,3
1687,n02122298_11193.png,2
1688,n02129837_8515.png,1
1689,n02129604_11082.png,3
1690,cifar10-test-3254.png,2
1691,cifar10-train-49819.png,1
1692,n02129463_2994.png,3
1693,n02127052_12563.png,2
1694,n02129837_7091.png,3
1695,n02123242_9508.png,3
1696,n02129165_3944.png,1
1697,n02122298_31545.png,0
1698,n01322898_8846.png,3
1699,cifar10-train-35754.png,2
1700,cifar10-test-6873.png,3
1701,n02125494_6146.png,1
1702,n02123478_9073.png,0
1703,n02130308_2843.png,1
1704,cifar10-test-5908.png,3
1705,n02126640_3043.png,3
1706,cifar10-test-3220.png,1
1707,n02126640_1822.png,1
1708,cifar10-train-27652.png,3
1709,cifar10-train-6306.png,3
1710,n02128385_2833.png,3
1711,cifar10-test-1782.png,2
1712,n01322898_3652.png,2
1713,cifar10-train-41597.png,2
1714,cifar10-test-786.png,0
1715,n02121620_24679.png,3
1716,n02122878_7459.png,1
1717,n02129923_6507.png,1
1718,n02124313_2975.png,2
1719,n02127052_4624.png,3
1720,cifar10-train-333.png,1
1721,n02125081_1138.png,0
1722,n02129463_5984.png,2
1723,cifar10-test-8999.png,0
1724,cifar10-test-7105.png,1
1725,n02129923_5266.png,1
1726,cifar10-test-5128.png,3
1727,n02129923_631.png,2
1728,n01322898_9769.png,1
1729,n01323068_473.png,1
1730,n02123159_3043.png,0
1731,cifar10-test-5560.png,3
1732,cifar10-train-31788.png,2
1733,n02127052_2821.png,2
1734,n02123242_3819.png,2
1735,cifar10-test-5532.png,3
1736,n02124075_2387.png,1
1737,n02124484_2499.png,1
1738,cifar10-train-29936.png,3
1739,cifar10-train-46037.png,2
1740,n02121620_33430.png,3
1741,cifar10-test-6976.png,0
1742,n02123597_3235.png,2
1743,n02128925_29222.png,2
1744,n02129991_4687.png,3
1745,n02130308_156.png,0
1746,n02123394_1162.png,0
1747,cifar10-test-2949.png,2
1748,n02123242_15048.png,0
1749,cifar10-train-49773.png,0
1750,n02121808_2226.png,3
1751,cifar10-test-5410.png,3
1752,n02130308_5349.png,0
1753,n02129837_2676.png,2
1754,n02127052_4627.png,1
1755,cifar10-test-7854.png,2
1756,n02123917_374.png,2
1757,n02125010_8511.png,1
1758,n02123242_10572.png,3
1759,n02123159_4629.png,2
1760,n02123597_3590.png,2
1761,n02122725_968.png,2
1762,n02126640_2427.png,1
1763,n02128757_10014.png,3
1764,cifar10-train-41578.png,3
1765,cifar10-train-24842.png,3
1766,n02128385_1301.png,2
1767,n02122298_66956.png,0
1768,n02125081_4433.png,3
1769,cifar10-train-16296.png,3
1770,n02123394_2449.png,1
1771,n02129463_10071.png,2
1772,n02128925_12583.png,3
1773,cifar10-test-6102.png,0
1774,cifar10-train-6405.png,0
1775,cifar10-train-49054.png,0
1776,cifar10-test-3787.png,3
1777,n02120997_12914.png,2
1778,n02128925_29222.png,2
1779,cifar10-train-31649.png,2
1780,n02123242_6239.png,2
1781,n01323068_4105.png,3
1782,cifar10-test-9968.png,3
1783,n02126640_2479.png,2
1784,cifar10-test-1050.png,2
1785,n02120997_4407.png,2
1786,cifar10-train-2947.png,2
1787,n01323068_7038.png,0
1788,n02128669_5941.png,1
1789,n02123045_7302.png,2
1790,n02125689_2641.png,2
1791,cifar10-train-23401.png,2
1792,cifar10-train-14962.png,2
1793,n02129991_4918.png,1
1794,n02128925_30225.png,2
1795,cifar10-test-6994.png,3
1796,n02130308_294.png,2
1797,n02127808_10046.png,3
1798,n02129604_10454.png,1
1799,n02126139_1079.png,1
1800,n02120997_5512.png,3
1801,n02123159_1157.png,3
1802,n02122510_6839.png,2
1803,n02128757_17035.png,2
1804,n02123597_3104.png,1
1805,cifar10-train-5520.png,0
1806,n02126139_1966.png,2
1807,n02129837_6025.png,2
1808,n02123159_5706.png,2
1809,n02123394_1913.png,3
1810,n02128925_2386.png,1
1811,n02123159_3467.png,3
1812,cifar10-test-8279.png,3
1813,n02128385_5612.png,1
1814,cifar10-test-9198.png,1
1815,n02123597_9395.png,3
1816,cifar10-train-22294.png,1
1817,n02122878_582.png,0
1818,n02121620_33422.png,2
1819,n02124313_7851.png,1
1820,n02120997_6973.png,1
1821,n02124313_6347.png,3
1822,n02126787_4205.png,3
1823,cifar10-train-40907.png,3
1824,n02123478_2536.png,2
1825,n02124313_7736.png,0
1826,n02127052_4968.png,2
1827,cifar10-train-40643.png,3
1828,n02123394_8098.png,0
1829,n02125494_7699.png,3
1830,cifar10-train-2785.png,3
1831,n02123394_2662.png,3
1832,n02123045_9178.png,1
1833,n02126028_7115.png,2
1834,n02129604_4369.png,2
1835,n02128385_3977.png,1
1836,n02127808_2553.png,1
1837,n02125311_688.png,2
1838,n02126640_5225.png,1
1839,n02129923_7051.png,1
1840,cifar10-test-950.png,2
1841,n02129991_2311.png,3
1842,cifar10-test-5532.png,3
1843,n02127808_643.png,0
1844,cifar10-test-1787.png,0
1845,n02127808_4156.png,2
1846,n02121808_50.png,2
1847,cifar10-test-1065.png,1
1848,n02129165_21556.png,2
1849,cifar10-test-790.png,0
1850,n02122298_64512.png,2
1851,cifar10-test-1179.png,3
1852,cifar10-train-46402.png,1
1853,n02126787_280.png,2
1854,n02125010_3314.png,1
1855,n02124075_7984.png,1
1856,n02125081_6882.png,2
1857,n02122878_13609.png,3
1858,cifar10-train-34771.png,2
1859,cifar10-test-7885.png,3
1860,cifar10-test-6393.png,3
1861,n02128385_19924.png,1
1862,cifar10-train-11976.png,3
1863,n02122298_25849.png,0
1864,n02122878_2159.png,1
1865,n02125311_24256.png,2
1866,n02124313_2824.png,1
1867,n02123242_2091.png,1
1868,n02123242_13218.png,0
1869,cifar10-train-4737.png,3
1870,n02122510_5601.png,3
1871,cifar10-train-18482.png,2
1872,n02121808_1336.png,2
1873,n02122298_27680.png,2
1874,n02122298_14314.png,3
1875,n02125494_16947.png,0
1876,n02128385_6708.png,2
1877,n02123597_10484.png,3
1878,n02122725_3561.png,2
1879,n02125689_144.png,1
1880,cifar10-test-2405.png,3
1881,n02128757_6264.png,3
1882,n02123597_8443.png,3
1883,cifar10-train-27698.png,3
1884,n02122298_42039.png,2
1885,n02123917_6999.png,1
1886,cifar10-test-8175.png,2
1887,n02125081_2259.png,1
1888,n02123394_307.png,0
1889,cifar10-train-14485.png,3
1890,n02125010_3803.png,3
1891,n02123159_4412.png,1
1892,n02123045_7804.png,1
1893,n02123045_9744.png,3
1894,n02123917_422.png,0
1895,n02125311_15337.png,2
1896,n02130308_8192.png,2
1897,cifar10-train-1487.png,3
1898,cifar10-train-4402.png,1
1899,n02123159_3723.png,3
1900,n02125081_1312.png,1
1901,n02124075_2293.png,2
1902,n02125311_19477.png,0
1903,n02122510_5772.png,0
1904,n02129604_5045.png,2
1905,cifar10-train-26906.png,3
1906,n02123597_8165.png,0
1907,cifar10-train-7719.png,0
1908,n02122298_4321.png,2
1909,n02129165_9684.png,3
1910,cifar10-train-23295.png,3
1911,n02126139_8088.png,1
1912,cifar10-test-7962.png,1
1913,cifar10-train-47851.png,1
1914,cifar10-test-1662.png,0
1915,cifar10-train-40227.png,0
1916,n02123394_1136.png,3
1917,n02128385_10284.png,3
1918,n02129463_2328.png,2
1919,n02123045_12325.png,1
1920,cifar10-test-4169.png,1
1921,cifar10-train-29607.png,2
1922,n02128757_650.png,3
1923,n02127052_7078.png,2
1924,n02123917_374.png,2
1925,n02125311_6797.png,3
1926,n02123394_28.png,1
1927,n02124075_5104.png,0
1928,n02129837_4223.png,2
1929,n02121808_21363.png,1
1930,n02121808_19481.png,1
1931,n02120997_8455.png,3
1932,n02125494_9313.png,2
1933,n02129923_6330.png,2
1934,n02125081_1147.png,2
1935,cifar10-test-3607.png,0
1936,cifar10-test-1603.png,0
1937,n02123242_4126.png,3
1938,n02125010_6360.png,3
1939,n02129923_2622.png,3
1940,n02129463_1713.png,1
1941,n02126028_11570.png,2
1942,n02128757_2214.png,0
1943,n02123597_11915.png,3
1944,n02123394_3435.png,3
1945,n02129463_11940.png,1
1946,n02125494_1866.png,3
1947,cifar10-train-30611.png,2
1948,n02129923_4727.png,1
1949,n02127808_593.png,3
1950,n02125010_926.png,3
1951,n02122510_3943.png,3
1952,n02129923_2109.png,2
1953,n02126139_115.png,1
1954,n02126139_3827.png,2
1955,n02126787_1448.png,2
1956,n02123478_10035.png,3
1957,n02129165_4640.png,2
1958,n02129837_8891.png,1
1959,n02129604_9008.png,2
1960,cifar10-test-3491.png,2
1961,cifar10-train-30461.png,2
1962,n02124313_6681.png,3
1963,n02124075_436.png,2
1964,cifar10-train-40227.png,0
1965,n02125010_5415.png,2
1966,n01323068_9309.png,1
1967,n02129837_5774.png,3
1968,n02126139_7338.png,0
1969,n02127808_6471.png,1
1970,n02124484_7181.png,3
1971,n02123478_10513.png,0
1972,n02126139_10571.png,0
1973,n02125311_45789.png,1
1974,n02123917_3555.png,1
1975,n02125494_1570.png,2
1976,n01322898_8666.png,2
1977,n02123917_4998.png,1
1978,cifar10-test-6783.png,2
1979,n02122878_1142.png,2
1980,n02123597_10669.png,2
1981,n01323068_1722.png,1
1982,cifar10-train-28131.png,3
1983,n02123242_5122.png,3
1984,cifar10-train-21462.png,3
1985,n02128925_30497.png,1
1986,n02125010_7408.png,1
1987,cifar10-train-21347.png,2
1988,n02129604_3944.png,3
1989,cifar10-test-5086.png,3
1990,n02127808_2211.png,1
1991,n02123597_10630.png,1
1992,n02129463_11234.png,2
1993,n02123394_201.png,2
1994,n02127808_745.png,2
1995,cifar10-test-831.png,2
1996,n02121808_3966.png,3
1997,n02127808_9924.png,3
1998,n02125081_2716.png,1
1999,cifar10-train-11105.png,2
2000,cifar10-test-5888.png,0
2001,cifar10-test-4027.png,2
2002,n02429456_71.png,2
2003,n02433925_18192.png,1
2004,n02402010_10360.png,3
2005,cifar10-test-3069.png,2
2006,n02430830_556.png,3
2007,cifar10-train-23309.png,2
2008,n02430045_2706.png,2
2009,n02439033_8208.png,0
2010,n02410509_3558.png,1
2011,n02431122_5966.png,3
2012,n02432983_21357.png,3
2013,n02431122_4488.png,3
2014,n02433925_3006.png,2
2015,cifar10-train-20342.png,2
2016,n02410509_1493.png,1
2017,n02410509_1249.png,2
2018,n02431976_2378.png,2
2019,n02411705_3141.png,1
2020,n02433318_93.png,3
2021,n02416519_1820.png,2
2022,n02430830_12053.png,3
2023,cifar10-test-890.png,3
2024,n02431785_7732.png,3
2025,cifar10-train-1863.png,2
2026,n02431628_7304.png,2
2027,cifar10-test-7341.png,3
2028,cifar10-train-26911.png,2
2029,n02399000_1064.png,3
2030,cifar10-train-30881.png,3
2031,cifar10-train-33590.png,1
2032,cifar10-test-3759.png,2
2033,n02430830_3815.png,1
2034,cifar10-train-49564.png,1
2035,n02433925_3858.png,3
2036,n02439033_1887.png,2
2037,n02431785_8444.png,2
2038,cifar10-test-7253.png,2
2039,n02402010_12106.png,1
2040,n02410509_1168.png,0
2041,n02433546_3327.png,2
2042,n02430045_4933.png,2
2043,cifar10-test-3375.png,2
2044,cifar10-test-5924.png,0
2045,cifar10-train-8654.png,0
2046,n02439033_9261.png,1
2047,n02410509_1847.png,3
2048,n02429456_384.png,0
2049,cifar10-test-3410.png,1
2050,n02433546_6303.png,0
2051,n02439398_6342.png,3
2052,n02432511_2514.png,2
2053,cifar10-train-21453.png,1
2054,n02434954_5018.png,2
2055,n02431122_36701.png,1
2056,n02430045_5051.png,1
2057,n02439033_16404.png,2
2058,n02439398_5803.png,3
2059,n02432983_22368.png,3
2060,cifar10-test-2032.png,2
2061,n02432983_15012.png,0
2062,n02402010_10681.png,0
2063,n02430045_5062.png,3
2064,n02410509_3323.png,1
2065,n02439398_8693.png,2
2066,n02433318_447.png,2
2067,n02431628_1943.png,3
2068,n02432291_7690.png,3
2069,cifar10-train-14923.png,3
2070,n02432983_16284.png,3
2071,cifar10-train-2123.png,2
2072,n02434954_3290.png,2
2073,cifar10-train-39244.png,2
2074,n02433318_802.png,3
2075,n02431785_7391.png,3
2076,n02410509_4291.png,1
2077,n02431785_4672.png,2
2078,n02430830_11732.png,1
2079,n02432291_5524.png,3
2080,n02439033_5482.png,3
2081,n02433546_5420.png,3
2082,n02439398_9025.png,1
2083,cifar10-train-42142.png,3
2084,n02434954_2633.png,3
2085,n02411705_2987.png,2
2086,n02433546_7450.png,2
2087,cifar10-train-43810.png,1
2088,cifar10-train-45756.png,2
2089,n02431122_8779.png,3
2090,n02431976_2458.png,1
2091,cifar10-train-16865.png,2
2092,n02431122_7532.png,2
2093,n02432511_4074.png,3
2094,n02432291_2900.png,2
2095,n02430045_3036.png,3
2096,n02435517_2865.png,2
2097,n02430045_12917.png,1
2098,n02402010_876.png,2
2099,n02410509_453.png,2
2100,n02411705_16248.png,0
2101,n02433546_1769.png,2
2102,n02416519_7051.png,3
2103,n02414578_5249.png,1
2104,n02418064_266.png,4
2105,cifar10-test-7188.png,3
2106,n02433318_5323.png,0
2107,n02432983_23416.png,2
2108,n02439398_5211.png,1
2109,n02439033_11847.png,3
2110,cifar10-train-43306.png,0
2111,cifar10-train-19170.png,1
2112,cifar10-test-7857.png,1
2113,n02407959_63.png,2
2114,n02432983_6313.png,2
2115,n02430830_14835.png,3
2116,n02433318_11224.png,2
2117,n02414578_589.png,1
2118,n02431785_333.png,2
2119,n02433925_21580.png,1
2120,n02407959_6067.png,1
2121,cifar10-test-6403.png,2
2122,n02414578_5322.png,2
2123,n02432983_11139.png,0
2124,n02439398_7173.png,0
2125,n02433546_8008.png,2
2126,n02432291_4725.png,2
2127,n02433318_4788.png,3
2128,cifar10-train-34227.png,3
2129,n02439398_4958.png,3
2130,n02419796_4406.png,3
2131,n02433925_11919.png,1
2132,cifar10-test-1364.png,3
2133,cifar10-train-45046.png,3
2134,n02432291_26419.png,2
2135,n02434712_1322.png,2
2136,n02434712_1651.png,3
2137,n02416519_321.png,2
2138,n02431785_8308.png,2
2139,n02434954_926.png,2
2140,n02432291_32257.png,3
2141,n02431785_2699.png,3
2142,n02432291_6781.png,1
2143,n02430830_176.png,2
2144,cifar10-test-6665.png,0
2145,n02433925_30249.png,2
2146,n02432291_4406.png,2
2147,n02433925_19716.png,2
2148,cifar10-test-4600.png,2
2149,n02432983_10698.png,1
2150,n02439033_1296.png,1
2151,n02407959_8275.png,1
2152,n02416519_39.png,2
2153,n02399000_5054.png,2
2154,cifar10-train-489.png,1
2155,n02432291_593.png,0
2156,n02429456_7317.png,1
2157,cifar10-train-32909.png,2
2158,cifar10-test-5942.png,2
2159,n02410509_2706.png,0
2160,n02411705_5706.png,2
2161,n02429456_4358.png,2
2162,cifar10-test-1592.png,0
2163,n02410509_520.png,1
2164,n02431122_7532.png,2
2165,n02430045_3279.png,3
2166,n02434712_728.png,1
2167,cifar10-test-1393.png,1
2168,n02431122_36987.png,1
2169,n02433546_3787.png,0
2170,cifar10-train-49902.png,1
2171,n02399000_7019.png,2
2172,n02430045_4027.png,2
2173,n02429456_8728.png,3
2174,cifar10-train-22886.png,3
2175,n02439398_1747.png,2
2176,n02439033_4471.png,2
2177,cifar10-test-8190.png,2
2178,n02402010_8887.png,0
2179,cifar10-test-3216.png,2
2180,n02430045_4622.png,1
2181,n02432291_7255.png,3
2182,cifar10-test-4608.png,1
2183,n02432511_3568.png,2
2184,n02414578_5869.png,0
2185,cifar10-test-1919.png,2
2186,n02429456_5457.png,2
2187,cifar10-train-29046.png,2
2188,n02433318_5945.png,0
2189,cifar10-test-3284.png,3
2190,n02433318_4746.png,0
2191,n02410509_4467.png,3
2192,n02401031_551.png,1
2193,n02439033_9513.png,2
2194,n02435517_1130.png,2
2195,cifar10-train-31084.png,3
2196,n02439398_1384.png,2
2197,n02430045_8195.png,2
2198,n02431785_6586.png,3
2199,n02431628_3966.png,2
2200,n02432983_8142.png,3
2201,cifar10-test-6056.png,3
2202,n02432291_256.png,1
2203,n02401031_2251.png,2
2204,cifar10-test-4053.png,1
2205,n02435216_4452.png,2
2206,n02430830_14444.png,3
2207,n02429456_3212.png,0
2208,n02439398_1713.png,3
2209,n02432983_11674.png,1
2210,n02431785_14556.png,4
2211,n02410509_7803.png,1
2212,n02410509_2204.png,0
2213,n02433925_1832.png,3
2214,n02432291_9837.png,3
2215,cifar10-train-21929.png,0
2216,n02401031_317.png,3
2217,n02402010_7304.png,1
2218,n02407959_16716.png,2
2219,n02414578_3527.png,1
2220,cifar10-train-13498.png,3
2221,n02431628_3919.png,3
2222,n02431976_10681.png,3
2223,n02430045_4680.png,0
2224,cifar10-train-7602.png,0
2225,n02434954_6187.png,1
2226,n02411206_1087.png,2
2227,n02431122_1708.png,3
2228,cifar10-train-27898.png,1
2229,n02419796_837.png,2
2230,n02401031_661.png,1
2231,n02411206_397.png,2
2232,n02410509_3451.png,2
2233,n02432983_3879.png,3
2234,n02435853_651.png,3
2235,cifar10-train-37741.png,1
2236,n02439033_14949.png,3
2237,n02431785_7116.png,0
2238,n02433925_16903.png,2
2239,n02432983_5520.png,0
2240,n02436353_943.png,1
2241,cifar10-train-25893.png,2
2242,n02431628_1008.png,2
2243,n02431122_1395.png,3
2244,n02402010_4426.png,0
2245,n02414578_2291.png,0
2246,n02402010_4880.png,1
2247,n02410509_7707.png,3
2248,n02431976_9299.png,0
2249,n02439398_4766.png,3
2250,n02439033_6758.png,2
2251,n02433925_1511.png,3
2252,cifar10-train-28796.png,3
2253,n02432511_3899.png,3
2254,n02439033_824.png,2
2255,n02432511_11023.png,1
2256,n02414578_178.png,2
2257,n02431122_1905.png,0
2258,cifar10-test-7481.png,3
2259,n02402010_1292.png,1
2260,cifar10-test-7264.png,2
2261,n02430045_6115.png,2
2262,n02407959_381.png,2
2263,n02410509_178.png,1
2264,n02411206_5854.png,2
2265,n02410509_5441.png,3
2266,n02416519_12796.png,1
2267,n02433925_18829.png,2
2268,n02431976_4839.png,2
2269,cifar10-test-6242.png,0
2270,n02431976_9808.png,1
2271,n02433925_1352.png,0
2272,n02431628_2312.png,1
2273,cifar10-test-6477.png,2
2274,cifar10-train-1373.png,2
2275,cifar10-train-5434.png,1
2276,cifar10-test-6038.png,2
2277,n02411206_4444.png,1
2278,n02432291_3508.png,3
2279,n02416519_1674.png,1
2280,cifar10-train-8654.png,0
2281,n02430830_15420.png,3
2282,n02431976_5207.png,3
2283,n02432511_2687.png,1
2284,n02431785_5122.png,3
2285,n02432511_6679.png,2
2286,n02431628_4060.png,2
2287,n02416519_13894.png,3
2288,n02411705_12709.png,1
2289,n02431785_7500.png,2
2290,cifar10-train-44844.png,2
2291,n02414578_4653.png,1
2292,n02433318_3410.png,1
2293,n02430830_14886.png,2
2294,n02432291_3088.png,0
2295,n02439033_414.png,1
2296,cifar10-test-1658.png,2
2297,n02432291_2576.png,2
2298,n02432983_22368.png,3
2299,cifar10-train-28590.png,2
2300,n02433318_9793.png,2
2301,cifar10-train-31271.png,0
2302,n02414578_1028.png,1
2303,n02433925_4034.png,3
2304,n02419796_4332.png,0
2305,n02414578_4298.png,1
2306,n02433546_6355.png,0
2307,n02428842_2826.png,2
2308,cifar10-train-4384.png,2
2309,n02407959_20271.png,2
2310,n02431628_5420.png,2
2311,n02431785_4328.png,2
2312,n02416519_1886.png,1
2313,n02402010_10113.png,1
2314,cifar10-train-32384.png,0
2315,n02435517_37.png,0
2316,n02433546_3421.png,1
2317,n02419796_6897.png,3
2318,n02432983_22033.png,3
2319,cifar10-test-1986.png,1
2320,n02429456_2026.png,1
2321,n02402010_1292.png,1
2322,cifar10-train-12213.png,2
2323,n02432983_16101.png,2
2324,cifar10-test-1133.png,2
2325,n02433925_31468.png,1
2326,n02433925_18727.png,2
2327,n02432291_405.png,3
2328,n02432983_8673.png,3
2329,n02414578_4211.png,2
2330,n02431976_5404.png,2
2331,n02431122_4762.png,0
2332,n02410509_8906.png,2
2333,n02399000_1696.png,1
2334,n02410509_8199.png,3
2335,cifar10-test-5742.png,0
2336,cifar10-test-1624.png,3
2337,n02410509_8970.png,1
2338,cifar10-test-1272.png,3
2339,n02430830_3423.png,1
2340,cifar10-test-6855.png,1
2341,n02432511_2055.png,3
2342,n02419796_7777.png,0
2343,n02431976_11368.png,2
2344,n02433546_6489.png,3
2345,n02439033_5764.png,3
2346,cifar10-train-31733.png,2
2347,n02414578_3473.png,2
2348,n02402010_4110.png,1
2349,n02433546_9802.png,2
2350,n02433318_13.png,0
2351,n02411705_3347.png,1
2352,cifar10-test-7490.png,2
2353,n02435853_3019.png,3
2354,cifar10-train-44840.png,2
2355,n02432291_6807.png,3
2356,cifar10-test-3297.png,3
2357,n02419796_10639.png,2
2358,n02439033_10224.png,1
2359,n02433925_6414.png,2
2360,cifar10-train-15582.png,1
2361,n02433546_5950.png,2
2362,n02410509_721.png,2
2363,n02428842_8248.png,0
2364,cifar10-train-39588.png,2
2365,n02435517_1413.png,3
2366,cifar10-train-45512.png,0
2367,cifar10-test-7857.png,1
2368,n02431785_14076.png,2
2369,n02411206_3809.png,1
2370,n02439033_12867.png,1
2371,cifar10-test-5888.png,0
2372,n02430045_3024.png,2
2373,n02410509_633.png,2
2374,cifar10-train-18818.png,2
2375,cifar10-test-1570.png,2
2376,n02431785_111.png,3
2377,n02402010_4880.png,1
2378,n02432291_14726.png,2
2379,n02431122_4663.png,3
2380,n02432983_22086.png,1
2381,n02414578_1028.png,1
2382,cifar10-test-5933.png,1
2383,n02419796_5370.png,2
2384,n02433546_61.png,2
2385,cifar10-train-3112.png,2
2386,n02431976_6800.png,2
2387,n02432511_2371.png,0
2388,n02399000_5589.png,1
2389,n02434954_3011.png,2
2390,n02439398_4337.png,2
2391,n02431976_2639.png,1
2392,n02430045_10658.png,2
2393,n02436353_2263.png,3
2394,n02429456_5756.png,3
2395,n02429456_2200.png,0
2396,n02431122_6157.png,2
2397,n02439398_2185.png,3
2398,n02407959_19336.png,1
2399,n02432983_10846.png,0
2400,n02432511_1074.png,3
2401,n02416519_2647.png,3
2402,n02433925_29777.png,0
2403,n02433925_15675.png,2
2404,n02410509_5659.png,1
2405,n02432983_5493.png,1
2406,n02431122_2529.png,3
2407,n02416519_139.png,1
2408,n02416519_5665.png,1
2409,n02439033_14292.png,2
2410,n02402010_4886.png,2
2411,n02433546_10899.png,2
2412,n02433318_1329.png,2
2413,n02433546_5950.png,2
2414,n02414578_1028.png,1
2415,n02428842_673.png,2
2416,n02432511_4318.png,2
2417,n02434954_4125.png,1
2418,cifar10-test-1765.png,2
2419,n02439033_10295.png,1
2420,cifar10-test-1503.png,0
2421,cifar10-test-3759.png,2
2422,n02431785_13616.png,2
2423,n02432983_25212.png,3
2424,n02433318_3409.png,3
2425,n02416519_7108.png,2
2426,n02431976_3100.png,2
2427,n02432983_11973.png,1
2428,n02429456_297.png,3
2429,cifar10-train-33209.png,2
2430,n02432983_3729.png,1
2431,cifar10-train-22683.png,0
2432,n02439033_7515.png,0
2433,n02431976_673.png,3
2434,n02433925_18798.png,3
2435,n02432983_14389.png,2
2436,n02402010_8351.png,0
2437,n02411705_2531.png,0
2438,n02401031_2242.png,3
2439,n02433546_183.png,3
2440,n02407959_4306.png,1
2441,cifar10-test-3284.png,3
2442,cifar10-train-32446.png,3
2443,n02430045_1092.png,3
2444,n02431122_5888.png,2
2445,n02439033_227.png,1
2446,n02411206_3304.png,1
2447,cifar10-train-477.png,1
2448,n02431976_9332.png,2
2449,n02431785_4240.png,2
2450,n02429456_107.png,2
2451,cifar10-test-7248.png,3
2452,n02433546_412.png,1
2453,cifar10-test-627.png,2
2454,n02411206_7933.png,2
2455,n02431785_3599.png,1
2456,n02411206_1633.png,1
2457,cifar10-test-3915.png,1
2458,n02399000_6450.png,3
2459,n02431122_7587.png,0
2460,n02433318_4337.png,3
2461,n02431628_5191.png,2
2462,n02431785_7498.png,1
2463,n02431785_7498.png,1
2464,n02431628_4983.png,3
2465,cifar10-test-3766.png,2
2466,n02434712_995.png,2
2467,n02419796_4905.png,2
2468,n02430045_3966.png,2
2469,cifar10-test-3914.png,3
2470,n02439398_4474.png,3
2471,n02432511_5190.png,2
2472,n02430045_600.png,2
2473,cifar10-train-45293.png,2
2474,n02432291_5977.png,3
2475,n02434954_2024.png,2
2476,n02431785_16395.png,3
2477,n02431976_9817.png,3
2478,n02432511_1290.png,0
2479,n02433546_10030.png,3
2480,n02419796_3148.png,3
2481,n02435517_3313.png,3
2482,n02407959_2539.png,3
2483,n02431785_14076.png,2
2484,n02407959_19336.png,1
2485,cifar10-test-1798.png,2
2486,n02431976_236.png,3
2487,n02430830_17142.png,1
2488,n02435517_874.png,1
2489,n02411206_92.png,2
2490,n02433546_6355.png,0
2491,n02432291_8287.png,3
2492,n02430830_9211.png,3
2493,n02431122_3170.png,3
2494,n02419796_10865.png,2
2495,n02430045_5648.png,3
2496,cifar10-train-2896.png,2
2497,n02439398_4337.png,2
2498,cifar10-test-1945.png,3
2499,n02434954_6058.png,2
