Index,epoch,train/box_loss,train/seg_loss,metrics/precision(B),metrics/recall(B),metrics/mAP50-95(B),metrics/precision(M),metrics/recall(M),metrics/mAP50-95(M),val/box_loss,val/seg_loss
0,1,1.562,2.1993,0.75489,0.50826,0.3228,0.70923,0.44335,0.14935,1.588,1.7123
1,2,1.6626,1.8207,0.8473,0.51934,0.3189,0.82161,0.50246,0.20833,1.7008,1.7359
2,3,1.8742,1.9556,0.76372,0.40887,0.19028,0.51592,0.24631,0.0572,2.1096,1.9409
3,4,1.882,1.8862,0.72959,0.42857,0.24783,0.6311,0.37192,0.12587,1.784,2.0191
4,5,1.8459,2.002,0.69163,0.31034,0.1969,0.55322,0.27586,0.09435,2.0529,2.0408
5,6,1.8092,1.9462,0.73618,0.42613,0.27307,0.7699,0.38916,0.15668,1.8039,1.9473
6,7,1.8079,1.9216,0.78696,0.3867,0.24862,0.68243,0.33005,0.10865,1.9116,2.113
7,8,1.7372,1.8602,0.67435,0.43842,0.2532,0.64949,0.36056,0.09062,1.8344,1.9016
8,9,1.7106,1.8462,0.77275,0.47739,0.33804,0.70098,0.43306,0.17214,1.5841,1.6477
9,10,1.6356,1.797,0.77228,0.4803,0.28842,0.57426,0.35714,0.1168,1.6788,1.8987
10,11,1.6653,1.7805,0.75026,0.45074,0.30501,0.63793,0.36887,0.11807,1.6111,1.8233
11,12,1.6044,1.7288,0.81166,0.49015,0.33508,0.76276,0.42611,0.12342,1.5859,1.7138
12,13,1.5814,1.6716,0.79591,0.50246,0.35626,0.76175,0.47291,0.18703,1.5829,1.6683
13,14,1.5792,1.626,0.84812,0.46552,0.37303,0.79124,0.4335,0.16593,1.508,1.6295
14,15,1.541,1.6137,0.78606,0.51232,0.36468,0.77397,0.42857,0.17227,1.5103,1.675
15,16,1.5468,1.6857,0.73474,0.55261,0.36715,0.73374,0.48768,0.20109,1.5487,1.7186
16,17,1.4902,1.5698,0.83979,0.53695,0.40045,0.70947,0.4532,0.16096,1.4531,1.656
17,18,1.4945,1.6158,0.86597,0.55701,0.39231,0.76621,0.49754,0.17378,1.5684,1.7612
18,19,1.4904,1.6007,0.78965,0.57143,0.35923,0.70115,0.50739,0.17571,1.4974,1.7132
19,20,1.4757,1.581,0.9,0.53201,0.38409,0.78655,0.4532,0.17231,1.5691,1.6217
20,21,1.4703,1.5966,0.8001,0.57882,0.41582,0.77321,0.49015,0.19674,1.4397,1.7662
21,22,1.4701,1.5793,0.82283,0.53766,0.41065,0.77641,0.44089,0.16964,1.4017,1.5515
22,23,1.4388,1.4993,0.81063,0.53941,0.37462,0.7551,0.50246,0.19637,1.4749,1.6245
23,24,1.3955,1.5438,0.82411,0.5468,0.39284,0.70881,0.46766,0.17703,1.4454,1.5928
24,25,1.3892,1.4575,0.75499,0.57635,0.38747,0.66644,0.48768,0.16542,1.4787,1.6523
25,26,1.4156,1.5338,0.80789,0.58621,0.42264,0.76071,0.50739,0.1864,1.3748,1.5891
26,27,1.4237,1.4796,0.79991,0.58095,0.37113,0.71945,0.46798,0.15416,1.4857,1.4372
27,28,1.3723,1.4525,0.83642,0.57143,0.42442,0.79943,0.52217,0.19754,1.4001,1.5492
28,29,1.3346,1.3964,0.82252,0.60591,0.43041,0.78587,0.49507,0.19064,1.3603,1.5405
29,30,1.384,1.4409,0.83123,0.58229,0.4193,0.72575,0.5084,0.16412,1.4286,1.4556
30,31,1.3301,1.4275,0.81595,0.59852,0.43243,0.74433,0.48768,0.16804,1.4039,1.5604
31,32,1.3249,1.4453,0.78907,0.60099,0.4121,0.66656,0.49731,0.16154,1.438,1.4833
32,33,1.3587,1.4266,0.81099,0.5936,0.43506,0.73162,0.51031,0.16828,1.3947,1.4628
33,34,1.3276,1.3989,0.8604,0.60345,0.45514,0.79534,0.52463,0.21148,1.3463,1.4728
34,35,1.3447,1.3471,0.85669,0.57421,0.41521,0.76933,0.50493,0.17716,1.4622,1.5562
35,36,1.3317,1.4181,0.88627,0.57581,0.44995,0.76874,0.49945,0.17907,1.3958,1.5438
36,37,1.3713,1.4657,0.74419,0.62562,0.4282,0.85259,0.47537,0.19874,1.3981,1.4866
37,38,1.2837,1.3361,0.87299,0.60944,0.4467,0.7495,0.52324,0.17622,1.3776,1.4305
38,39,1.261,1.3317,0.798,0.64039,0.41568,0.69864,0.54187,0.17928,1.4435,1.5537
39,40,1.2922,1.3833,0.89727,0.62388,0.44878,0.78232,0.53996,0.19307,1.396,1.4931
40,41,1.2999,1.3607,0.84933,0.62808,0.45476,0.75416,0.52891,0.18894,1.3619,1.5514
41,42,1.2942,1.3775,0.87942,0.633,0.47069,0.75838,0.53695,0.20201,1.3154,1.4342
42,43,1.2776,1.3703,0.84301,0.62162,0.44368,0.72994,0.53448,0.17571,1.3816,1.4266
43,44,1.2582,1.2954,0.87873,0.60679,0.46881,0.79301,0.54731,0.20887,1.3301,1.4183
44,45,1.2246,1.2596,0.83494,0.66502,0.45542,0.78695,0.53677,0.1864,1.4038,1.534
45,46,1.2615,1.2849,0.89978,0.64132,0.47476,0.78684,0.54433,0.19066,1.3014,1.4722
46,47,1.2605,1.3061,0.79482,0.63926,0.44605,0.68543,0.56404,0.1844,1.3757,1.4716
47,48,1.2581,1.3073,0.87711,0.62562,0.46018,0.79623,0.53896,0.20781,1.3223,1.4365
48,49,1.2163,1.3016,0.861,0.65603,0.47217,0.76074,0.55172,0.20381,1.3145,1.5201
49,50,1.2266,1.2576,0.83865,0.633,0.45656,0.70486,0.53202,0.18685,1.3366,1.4511
50,51,1.1902,1.2578,0.87298,0.64532,0.4659,0.76959,0.55943,0.20403,1.317,1.4126
51,52,1.1912,1.2219,0.93061,0.63547,0.48008,0.80822,0.55015,0.20652,1.2886,1.4141
52,53,1.2034,1.2576,0.88828,0.64625,0.48041,0.77364,0.57389,0.18687,1.273,1.3615
53,54,1.2115,1.2363,0.79609,0.6601,0.46979,0.81429,0.50758,0.19983,1.2792,1.3646
54,55,1.1707,1.2343,0.89479,0.64778,0.4833,0.76956,0.55932,0.21181,1.3118,1.4242
55,56,1.1902,1.2758,0.86611,0.60591,0.43735,0.75052,0.51128,0.16425,1.394,1.5292
56,57,1.1921,1.2363,0.85491,0.63858,0.45993,0.84708,0.5468,0.19823,1.3085,1.3634
57,58,1.1947,1.2407,0.83614,0.69125,0.47887,0.72404,0.56868,0.19939,1.3142,1.3124
58,59,1.1511,1.1873,0.91113,0.62562,0.47517,0.83122,0.55665,0.20403,1.3052,1.3793
59,60,1.199,1.267,0.92648,0.62069,0.47834,0.78807,0.52709,0.1655,1.3194,1.4125
60,61,1.1861,1.2207,0.84336,0.66308,0.46408,0.78349,0.5468,0.18887,1.3166,1.4038
61,62,1.1729,1.1919,0.91124,0.63547,0.48935,0.79019,0.54433,0.19135,1.2549,1.3425
62,63,1.1486,1.1676,0.85584,0.68726,0.49317,0.78627,0.54926,0.19941,1.2656,1.4257
63,64,1.1457,1.1954,0.81606,0.67751,0.49602,0.78169,0.55665,0.21648,1.2725,1.4988
64,65,1.1386,1.1598,0.89551,0.67548,0.48981,0.78494,0.56636,0.18666,1.3419,1.4118
65,66,1.1485,1.1817,0.91757,0.64778,0.49653,0.81833,0.57635,0.21889,1.2495,1.3502
66,67,1.1308,1.1783,0.9003,0.67734,0.48083,0.76624,0.54901,0.18248,1.2708,1.2928
67,68,1.1364,1.1602,0.85275,0.67041,0.49524,0.75744,0.58454,0.20947,1.2657,1.2387
68,69,1.1526,1.1584,0.90141,0.63055,0.49086,0.82929,0.53844,0.19479,1.2547,1.2999
69,70,1.1567,1.1748,0.87642,0.66256,0.4839,0.75444,0.5665,0.1921,1.3108,1.3679
70,71,1.1118,1.1363,0.82967,0.65986,0.49156,0.72517,0.57191,0.19863,1.2263,1.4391
71,72,1.1131,1.157,0.83097,0.70197,0.50521,0.78909,0.5665,0.21837,1.2418,1.3619
72,73,1.1464,1.1598,0.87744,0.65025,0.48522,0.79751,0.56158,0.19435,1.2533,1.3598
73,74,1.1378,1.1655,0.86298,0.65153,0.49769,0.85315,0.54377,0.20755,1.2536,1.2836
74,75,1.1041,1.1413,0.87238,0.67241,0.50775,0.80915,0.55348,0.20954,1.2495,1.3165
75,76,1.1335,1.1941,0.91503,0.66256,0.49957,0.77001,0.5525,0.1979,1.2733,1.3633
76,77,1.1209,1.151,0.89725,0.67241,0.50817,0.75416,0.5665,0.2033,1.1841,1.2996
77,78,1.0857,1.1458,0.868,0.64788,0.49729,0.79915,0.54187,0.19975,1.2299,1.3683
78,79,1.1102,1.1087,0.84658,0.66597,0.50645,0.79095,0.54984,0.21531,1.2082,1.2612
79,80,1.1207,1.1317,0.906,0.66471,0.53026,0.78179,0.57358,0.23258,1.2209,1.2342
80,81,1.0822,1.0763,0.84785,0.70443,0.52202,0.84187,0.57698,0.21808,1.1759,1.2679
81,82,1.1091,1.1473,0.86915,0.68719,0.50298,0.75667,0.58209,0.2068,1.2173,1.2883
82,83,1.0971,1.1374,0.8692,0.6798,0.49162,0.7803,0.56158,0.19811,1.2335,1.3375
83,84,1.063,1.1197,0.92838,0.63857,0.50063,0.80531,0.55015,0.19672,1.2136,1.2701
84,85,1.095,1.0964,0.83866,0.69138,0.49612,0.73701,0.60052,0.21915,1.247,1.3422
85,86,1.0844,1.1038,0.85193,0.6798,0.50813,0.71467,0.56758,0.19129,1.2081,1.3562
86,87,1.0614,1.1152,0.80681,0.69948,0.50473,0.71096,0.56948,0.19326,1.2431,1.3135
87,88,1.1035,1.1277,0.8928,0.65645,0.50176,0.73534,0.53941,0.18979,1.2807,1.3348
88,89,1.0677,1.1098,0.87175,0.70197,0.52924,0.81002,0.57759,0.21393,1.2002,1.2759
89,90,1.073,1.0984,0.86737,0.69263,0.50251,0.75141,0.57389,0.19553,1.2961,1.3243
90,91,1.0681,1.092,0.84735,0.7069,0.52025,0.73996,0.60591,0.20965,1.2141,1.3329
91,92,1.0833,1.1301,0.92804,0.69883,0.51768,0.79618,0.59653,0.21244,1.1835,1.2819
92,93,1.0655,1.087,0.80567,0.68227,0.5069,0.70617,0.57389,0.1977,1.1977,1.2937
93,94,1.0556,1.0809,0.899,0.67964,0.50113,0.76872,0.58128,0.21084,1.2148,1.2019
94,95,1.0662,1.103,0.9003,0.69458,0.51989,0.79099,0.60099,0.20445,1.1995,1.2513
95,96,1.0343,1.0827,0.88344,0.70443,0.51044,0.76654,0.60837,0.2042,1.2118,1.2371
96,97,1.0455,1.0847,0.89569,0.67677,0.51102,0.81472,0.57389,0.21157,1.2513,1.2532
97,98,1.0425,1.0516,0.90321,0.67488,0.51233,0.80104,0.56897,0.20865,1.1925,1.2491
98,99,1.028,1.0675,0.86898,0.6698,0.51821,0.79219,0.57277,0.20497,1.2026,1.2816
99,100,1.0396,1.0837,0.85979,0.68227,0.51266,0.76242,0.60072,0.20718,1.2093,1.2456
100,101,1.0667,1.0997,0.89324,0.65517,0.51441,0.79427,0.56106,0.20612,1.1983,1.242
101,102,1.0485,1.1146,0.88632,0.67213,0.51227,0.75689,0.57882,0.19737,1.2088,1.2421
102,103,1.02,1.0446,0.86153,0.68966,0.51622,0.75144,0.59113,0.22678,1.2062,1.318
103,104,1.0541,1.0764,0.90251,0.66125,0.50789,0.78115,0.57143,0.20593,1.2075,1.2778
104,105,1.0505,1.0629,0.88555,0.67734,0.52576,0.80863,0.57242,0.22983,1.1842,1.2514
105,106,1.0264,1.0856,0.85213,0.68966,0.53211,0.77106,0.57882,0.19943,1.1624,1.2486
106,107,1.0307,1.1079,0.91297,0.68966,0.52898,0.77759,0.59113,0.1998,1.2011,1.2985
107,108,1.0431,1.0556,0.863,0.67734,0.52289,0.82706,0.5468,0.21671,1.2095,1.3013
108,109,1.0168,1.0755,0.84848,0.68719,0.52297,0.71074,0.58867,0.21809,1.2072,1.3177
109,110,1.0226,1.0894,0.83713,0.70197,0.5257,0.77892,0.5554,0.19883,1.164,1.2436
110,111,0.97973,0.99551,0.85871,0.68862,0.53368,0.73793,0.60591,0.23942,1.1748,1.3024
111,112,1.0366,1.0845,0.89675,0.71675,0.53396,0.74381,0.5864,0.19885,1.2048,1.2551
112,113,1.0048,1.0247,0.88025,0.70613,0.53464,0.7521,0.60837,0.22194,1.1902,1.2431
113,114,1.0378,1.0469,0.81225,0.69264,0.51672,0.68429,0.58128,0.20223,1.1979,1.3172
114,115,1.0081,1.0529,0.84932,0.69704,0.52325,0.77659,0.56404,0.19957,1.1888,1.349
115,116,1.0182,1.0503,0.90205,0.66749,0.52309,0.7634,0.54836,0.19305,1.1868,1.2556
116,117,1.0142,1.0329,0.85966,0.69951,0.53761,0.77287,0.59507,0.21858,1.1772,1.2655
117,118,1.0153,1.0235,0.87423,0.7266,0.54176,0.73338,0.62069,0.23073,1.1896,1.3097
118,119,1.0026,1.0181,0.87265,0.7069,0.53968,0.74662,0.60241,0.22702,1.1735,1.1953
119,120,0.99893,1.0429,0.86801,0.71273,0.54473,0.76053,0.57882,0.21338,1.163,1.2401
120,121,0.9733,0.92433,0.87888,0.69458,0.53403,0.77211,0.55665,0.21091,1.2004,1.2922
121,122,0.99744,1.0275,0.90023,0.66502,0.53789,0.7769,0.53941,0.20548,1.1891,1.369
122,123,1.0081,1.0117,0.87249,0.70784,0.54443,0.74393,0.56404,0.20043,1.1848,1.2817
123,124,0.98785,0.97783,0.90371,0.6798,0.54277,0.75876,0.57143,0.18843,1.1388,1.2521
124,125,0.99123,1.006,0.87491,0.69704,0.53784,0.79004,0.58621,0.21768,1.1349,1.1659
125,126,0.98522,1.0232,0.86761,0.72167,0.53933,0.73874,0.5936,0.20407,1.1772,1.2459
126,127,0.98906,0.99556,0.86276,0.70197,0.54669,0.79811,0.57882,0.22881,1.1943,1.284
127,128,0.96846,0.99994,0.88596,0.69951,0.54545,0.75761,0.5851,0.21762,1.2038,1.3017
128,129,0.97114,0.98907,0.90385,0.7069,0.53171,0.75266,0.57882,0.19425,1.218,1.2498
129,130,0.96573,0.97535,0.88768,0.69951,0.54238,0.79288,0.56404,0.22765,1.1812,1.3536
130,131,0.97413,1.0231,0.90055,0.68719,0.52998,0.78343,0.54926,0.20294,1.1915,1.3853
131,132,0.98725,1.0621,0.85785,0.71182,0.53419,0.77293,0.57389,0.22851,1.2063,1.3197
132,133,0.9647,1.0016,0.89301,0.71958,0.54406,0.80753,0.57882,0.21756,1.1891,1.3037
133,134,0.96445,0.99879,0.90027,0.68928,0.54283,0.80575,0.56158,0.21229,1.15,1.3539
134,135,0.95434,0.96439,0.84542,0.71675,0.53882,0.82267,0.55419,0.21967,1.1603,1.3134
135,136,0.95779,0.95169,0.85439,0.66749,0.52995,0.73863,0.57143,0.22474,1.1724,1.2427
136,137,0.9434,1.0016,0.8486,0.71675,0.54013,0.78485,0.56404,0.20582,1.1884,1.284
137,138,0.96768,1.0214,0.8811,0.71187,0.55586,0.79688,0.56404,0.20942,1.149,1.2926
138,139,0.94609,0.92526,0.93192,0.70443,0.55081,0.81558,0.60591,0.22668,1.1551,1.2599
139,140,0.94439,1.0234,0.88207,0.68161,0.52505,0.82767,0.55172,0.1998,1.1568,1.3093
140,141,0.9686,0.96262,0.85799,0.68456,0.53576,0.76791,0.56404,0.20602,1.1424,1.2779
141,142,0.95479,0.96048,0.86668,0.66995,0.53792,0.74764,0.56916,0.20502,1.1598,1.2996
142,143,0.96045,0.99768,0.82702,0.68966,0.52662,0.81277,0.54531,0.193,1.1783,1.3342
143,144,0.95381,0.94459,0.92071,0.68643,0.5433,0.78725,0.59852,0.20488,1.1654,1.3309
144,145,0.94062,0.9536,0.91961,0.67624,0.53861,0.79233,0.58265,0.20894,1.1492,1.3319
145,146,0.95478,0.93376,0.8705,0.69538,0.53842,0.77585,0.55415,0.2122,1.1655,1.3299
146,147,0.92345,0.95311,0.90435,0.67532,0.5479,0.78046,0.5779,0.22213,1.1384,1.2735
147,148,0.92635,0.93698,0.87257,0.67463,0.5367,0.74821,0.5782,0.2135,1.158,1.303
148,149,0.94078,0.94111,0.89382,0.68419,0.54272,0.74804,0.57039,0.20414,1.1808,1.3812
149,150,0.94261,0.91538,0.88204,0.7266,0.53998,0.73806,0.61072,0.21459,1.1719,1.3264
150,151,0.9452,0.95708,0.86516,0.70936,0.54704,0.77799,0.60345,0.21589,1.1688,1.315
151,152,0.92224,0.93484,0.87209,0.71182,0.54384,0.75041,0.60723,0.20975,1.1806,1.3292
152,153,0.9338,0.90644,0.87541,0.71182,0.54893,0.74983,0.598,0.22336,1.1525,1.2828
153,154,0.91972,0.91205,0.81173,0.73399,0.54134,0.68729,0.6063,0.20514,1.1568,1.263
154,155,0.90051,0.91568,0.88529,0.6798,0.53082,0.73818,0.56897,0.2086,1.1634,1.2629
155,156,0.90779,0.92518,0.88862,0.71429,0.53256,0.75215,0.59798,0.21357,1.1679,1.3279
156,157,0.89955,0.94219,0.84882,0.7266,0.53732,0.75361,0.57635,0.20948,1.1778,1.3992
157,158,0.89825,0.93847,0.9152,0.68473,0.54756,0.76327,0.57143,0.21333,1.1783,1.438
158,159,0.9053,0.91268,0.89441,0.7069,0.54403,0.75175,0.58621,0.21212,1.177,1.3996
159,160,0.92894,0.97811,0.82213,0.74631,0.54092,0.68104,0.61576,0.20524,1.1585,1.3108
160,161,0.88857,0.91258,0.86817,0.71921,0.55383,0.74642,0.58002,0.21245,1.1677,1.325
161,162,0.90403,0.91867,0.90791,0.70424,0.55086,0.78884,0.56158,0.20277,1.196,1.2456
162,163,0.89206,0.92145,0.9096,0.71921,0.54946,0.75092,0.59852,0.21289,1.1676,1.2355
163,164,0.89843,0.92926,0.90834,0.72167,0.55927,0.753,0.59606,0.20928,1.16,1.2272
164,165,0.88942,0.92217,0.8964,0.70325,0.54535,0.74547,0.58431,0.21062,1.1916,1.3156
165,166,0.9083,0.91961,0.88684,0.72906,0.55908,0.76873,0.58621,0.20727,1.1474,1.2832
166,167,0.89225,0.91357,0.91484,0.72906,0.55562,0.76703,0.61576,0.20834,1.1648,1.2739
167,168,0.9089,0.91765,0.92139,0.6929,0.54813,0.79588,0.57389,0.21624,1.1749,1.3495
168,169,0.89268,0.91871,0.83784,0.71266,0.52633,0.76362,0.57635,0.20963,1.1854,1.3635
169,170,0.88818,0.91,0.8713,0.70036,0.53032,0.76647,0.54926,0.20338,1.1771,1.3026
170,171,0.88037,0.89587,0.90737,0.70197,0.54608,0.79372,0.56158,0.2157,1.1693,1.3292
171,172,0.86947,0.88625,0.88661,0.69331,0.54296,0.82195,0.54433,0.21671,1.154,1.3128
172,173,0.8808,0.92218,0.90171,0.70044,0.54005,0.76619,0.56501,0.20497,1.1713,1.2915
173,174,0.8977,0.93155,0.90229,0.70513,0.54457,0.79028,0.56158,0.20918,1.1851,1.2799
174,175,0.87483,0.89145,0.89739,0.68933,0.55653,0.7775,0.58528,0.21707,1.1317,1.2789
175,176,0.88197,0.87974,0.89189,0.73149,0.55721,0.7408,0.60591,0.2138,1.1619,1.3017
176,177,0.88146,0.89685,0.87368,0.7155,0.54726,0.73224,0.59947,0.21093,1.1479,1.265
177,178,0.89915,0.89914,0.89314,0.67488,0.54901,0.77059,0.58128,0.20727,1.1559,1.2923
178,179,0.86245,0.89035,0.92842,0.67085,0.55994,0.8236,0.56404,0.22663,1.1286,1.2804
179,180,0.87273,0.85156,0.87554,0.71675,0.56316,0.81241,0.58374,0.23189,1.132,1.2467
180,181,0.8776,0.89187,0.89363,0.70355,0.54138,0.76294,0.58374,0.20906,1.1566,1.2733
181,182,0.86775,0.83175,0.87831,0.6798,0.54928,0.7977,0.53417,0.22349,1.1615,1.3098
182,183,0.87333,0.88536,0.86838,0.74749,0.56281,0.72075,0.60395,0.21836,1.1759,1.2645
183,184,0.85192,0.84787,0.90437,0.72205,0.56282,0.77464,0.5936,0.2022,1.1616,1.2899
184,185,0.86714,0.92807,0.91067,0.70197,0.54896,0.77568,0.57635,0.21264,1.1634,1.2978
185,186,0.86071,0.83856,0.89029,0.70443,0.55361,0.74105,0.57635,0.21665,1.1563,1.3034
186,187,0.85585,0.84555,0.85396,0.74631,0.56428,0.80956,0.57635,0.23054,1.152,1.3147
187,188,0.87752,0.92619,0.86949,0.71921,0.56508,0.78463,0.58128,0.21813,1.1222,1.2662
188,189,0.85318,0.84665,0.8149,0.74384,0.56084,0.7374,0.57882,0.2137,1.1251,1.3046
189,190,0.86247,0.88065,0.89083,0.69212,0.56243,0.77403,0.58128,0.22723,1.124,1.2703
190,191,0.86205,0.90096,0.85162,0.73508,0.56604,0.78885,0.55665,0.22444,1.1498,1.2367
191,192,0.83565,0.86428,0.86394,0.7194,0.5667,0.75817,0.59606,0.22522,1.1361,1.2105
192,193,0.84691,0.86055,0.90044,0.71288,0.56514,0.778,0.60423,0.22109,1.1185,1.2579
193,194,0.85225,0.87749,0.87468,0.70197,0.54998,0.73093,0.5955,0.22652,1.1455,1.2849
194,195,0.87232,0.88849,0.8767,0.68298,0.54695,0.80234,0.5699,0.2265,1.144,1.3187
195,196,0.86438,0.88946,0.90276,0.67488,0.54908,0.76815,0.57143,0.22247,1.1486,1.3045
196,197,0.85623,0.83418,0.87308,0.69467,0.55343,0.75067,0.56158,0.22369,1.1436,1.33
197,198,0.84793,0.84822,0.86121,0.69704,0.54782,0.79021,0.54738,0.21364,1.1619,1.371
198,199,0.83172,0.81869,0.90633,0.70443,0.54797,0.76627,0.5814,0.21889,1.1897,1.3828
199,200,0.85251,0.87237,0.83056,0.72441,0.55454,0.80448,0.57635,0.22775,1.1753,1.3379
200,201,0.83758,0.82627,0.86673,0.71429,0.56347,0.82173,0.57882,0.23522,1.1484,1.2582
201,202,0.82925,0.87835,0.91142,0.70964,0.56825,0.79273,0.58621,0.22923,1.1242,1.2048
202,203,0.84341,0.8294,0.87558,0.71429,0.56341,0.74596,0.60837,0.22361,1.1096,1.2147
203,204,0.85264,0.8656,0.87764,0.72906,0.56724,0.79225,0.57389,0.21665,1.1135,1.2184
204,205,0.84176,0.83814,0.846,0.76108,0.56969,0.69306,0.62315,0.2208,1.1233,1.2152
205,206,0.864,0.86119,0.91272,0.6954,0.56506,0.79992,0.57635,0.22856,1.1437,1.2358
206,207,0.82445,0.89676,0.86565,0.73399,0.56909,0.76247,0.58621,0.22535,1.1344,1.2587
207,208,0.81943,0.85396,0.84519,0.72614,0.55707,0.78145,0.56364,0.21152,1.1261,1.2623
208,209,0.82018,0.78552,0.86065,0.71182,0.55369,0.77225,0.57389,0.21178,1.1355,1.2448
209,210,0.83804,0.83596,0.9134,0.70936,0.563,0.77348,0.58872,0.21298,1.1492,1.2656
210,211,0.85356,0.87869,0.91141,0.70948,0.57047,0.79544,0.57468,0.21371,1.1453,1.2791
211,212,0.82962,0.8662,0.93735,0.70023,0.56896,0.77909,0.582,0.21203,1.1516,1.3371
212,213,0.85366,0.84234,0.9138,0.70498,0.55581,0.78161,0.58374,0.21745,1.1661,1.4116
213,214,0.84153,0.8112,0.93167,0.69458,0.55653,0.79041,0.58867,0.22319,1.1562,1.3984
214,215,0.80185,0.85434,0.9625,0.68719,0.56495,0.81444,0.58128,0.21941,1.1393,1.3647
215,216,0.81283,0.82156,0.91203,0.71496,0.57026,0.77271,0.58613,0.21318,1.1389,1.3563
216,217,0.8272,0.84077,0.91913,0.69986,0.5608,0.77153,0.58222,0.21792,1.1356,1.3752
217,218,0.83399,0.83479,0.85413,0.72906,0.55716,0.80035,0.55172,0.22467,1.147,1.4042
218,219,0.8493,0.86112,0.83811,0.7266,0.55223,0.71754,0.5936,0.20734,1.145,1.391
219,220,0.82566,0.82768,0.8638,0.71921,0.55182,0.75053,0.58374,0.21084,1.1625,1.3692
220,221,0.81958,0.85195,0.89549,0.68473,0.54501,0.74776,0.57635,0.21111,1.1666,1.3281
221,222,0.79479,0.7923,0.90084,0.70197,0.54804,0.75036,0.57635,0.21918,1.1637,1.3296
222,223,0.80392,0.82428,0.92353,0.68418,0.5488,0.79899,0.55419,0.21667,1.1839,1.3578
223,224,0.83164,0.84716,0.92719,0.68719,0.55246,0.803,0.55911,0.21937,1.1634,1.3402
224,225,0.80219,0.8196,0.90007,0.70443,0.5624,0.80312,0.56897,0.22203,1.1397,1.3308
225,226,0.80426,0.80356,0.89786,0.71446,0.56237,0.75014,0.57679,0.21831,1.1304,1.3219
226,227,0.81469,0.83401,0.84548,0.75123,0.56656,0.74158,0.60079,0.22743,1.1262,1.3312
227,228,0.82459,0.83003,0.82343,0.74138,0.56472,0.68076,0.61452,0.22526,1.1321,1.3471
228,229,0.81372,0.79801,0.92638,0.68719,0.568,0.7692,0.55419,0.21694,1.1281,1.3535
229,230,0.82462,0.81427,0.87284,0.74138,0.56971,0.73302,0.61538,0.22556,1.1141,1.3303
230,231,0.80125,0.80039,0.88953,0.7338,0.57126,0.73919,0.60591,0.2288,1.116,1.3137
231,232,0.79279,0.82285,0.92325,0.71429,0.56723,0.73563,0.61684,0.23734,1.0944,1.2896
232,233,0.79865,0.81258,0.92119,0.71429,0.56373,0.75352,0.58128,0.22735,1.1109,1.3036
233,234,0.80725,0.80945,0.88142,0.73234,0.57051,0.74092,0.59606,0.22912,1.1083,1.3134
234,235,0.82064,0.80208,0.88716,0.71182,0.56591,0.73871,0.59113,0.22359,1.1135,1.3413
235,236,0.81294,0.81505,0.87971,0.7069,0.55779,0.7998,0.58374,0.22636,1.1152,1.3294
236,237,0.78183,0.81484,0.86277,0.72778,0.56814,0.82153,0.57824,0.23545,1.121,1.3313
237,238,0.78402,0.83163,0.91523,0.69138,0.56272,0.80448,0.57389,0.23431,1.1246,1.3186
238,239,0.78309,0.80698,0.90726,0.69879,0.56824,0.77019,0.58374,0.23282,1.1336,1.3822
239,240,0.80182,0.7815,0.86625,0.74631,0.57457,0.78774,0.58504,0.23029,1.1274,1.4174
240,241,0.80383,0.79583,0.90238,0.72861,0.56979,0.75989,0.60837,0.21722,1.1217,1.4215
241,242,0.80278,0.82541,0.90584,0.73458,0.57566,0.77169,0.59942,0.22888,1.1162,1.4096
242,243,0.79229,0.81743,0.90431,0.72158,0.57172,0.73717,0.58721,0.21771,1.1316,1.3688
243,244,0.78597,0.78305,0.87437,0.73399,0.57541,0.71066,0.5989,0.22163,1.1262,1.3377
244,245,0.7809,0.8144,0.89518,0.7266,0.57005,0.73454,0.59606,0.21857,1.1293,1.3243
245,246,0.77642,0.75863,0.87567,0.72414,0.57403,0.74294,0.59084,0.22966,1.1255,1.3241
246,247,0.77687,0.76019,0.9052,0.71675,0.56472,0.74438,0.58867,0.22586,1.1305,1.3447
247,248,0.78313,0.77945,0.89823,0.72414,0.56836,0.72896,0.5697,0.21925,1.1392,1.3392
248,249,0.78889,0.78378,0.89345,0.72284,0.5715,0.79963,0.55046,0.22202,1.1287,1.3163
249,250,0.78958,0.77447,0.88262,0.72232,0.57601,0.7703,0.58621,0.22696,1.126,1.2959
250,251,0.77874,0.81074,0.87929,0.73562,0.57543,0.73209,0.61247,0.22725,1.1439,1.2921
251,252,0.77089,0.77681,0.87484,0.72167,0.5688,0.71663,0.60421,0.23105,1.134,1.2909
252,253,0.77299,0.77291,0.89047,0.71429,0.56689,0.73553,0.59113,0.22154,1.1353,1.3071
253,254,0.76097,0.78302,0.92395,0.71818,0.57302,0.76416,0.60591,0.22454,1.1343,1.3316
254,255,0.78527,0.77025,0.91385,0.7069,0.57336,0.76969,0.59606,0.22719,1.1301,1.3157
255,256,0.76463,0.74915,0.89697,0.70764,0.57392,0.75324,0.59396,0.23198,1.1177,1.2883
256,257,0.77532,0.82942,0.87098,0.73158,0.57168,0.75142,0.60837,0.2314,1.1173,1.2895
257,258,0.75421,0.76516,0.91245,0.71921,0.57204,0.74718,0.59689,0.22932,1.1116,1.2866
258,259,0.77279,0.7853,0.91008,0.73645,0.57654,0.77089,0.61576,0.23274,1.1188,1.2856
259,260,0.78124,0.77792,0.89187,0.75165,0.58324,0.77502,0.63638,0.23674,1.1253,1.2718
260,261,0.7882,0.85493,0.89493,0.75525,0.58259,0.75556,0.61823,0.23576,1.1212,1.2677
261,262,0.75411,0.73371,0.8869,0.74877,0.57981,0.78345,0.60837,0.236,1.1299,1.2997
262,263,0.76826,0.77366,0.87086,0.74742,0.57587,0.78558,0.5936,0.23113,1.1301,1.3147
263,264,0.77876,0.77698,0.89089,0.74408,0.5735,0.79751,0.59113,0.23465,1.1255,1.312
264,265,0.76665,0.78055,0.91532,0.74551,0.57605,0.78947,0.59606,0.23141,1.1227,1.2831
265,266,0.75227,0.80524,0.90117,0.74113,0.57753,0.74706,0.61835,0.2391,1.1289,1.2775
266,267,0.77407,0.78584,0.89504,0.73516,0.57443,0.76392,0.62069,0.23943,1.1406,1.2832
267,268,0.75835,0.79935,0.85901,0.76537,0.57818,0.73316,0.64778,0.24128,1.1302,1.2868
268,269,0.753,0.78311,0.90675,0.73399,0.58143,0.77962,0.62737,0.24635,1.1374,1.3021
269,270,0.74637,0.78657,0.89676,0.7266,0.56992,0.78554,0.61823,0.24381,1.1376,1.3092
270,271,0.73305,0.77187,0.90664,0.7266,0.57172,0.79146,0.61694,0.24333,1.1236,1.3033
271,272,0.75592,0.77962,0.90083,0.73831,0.56651,0.76747,0.62808,0.23453,1.1281,1.3084
272,273,0.72764,0.73148,0.91635,0.72852,0.57019,0.78315,0.62315,0.23499,1.124,1.3066
273,274,0.7502,0.74822,0.91941,0.73059,0.57244,0.7761,0.6133,0.23073,1.1288,1.3235
274,275,0.72218,0.71473,0.91826,0.71945,0.57088,0.79903,0.59113,0.22695,1.1336,1.3309
275,276,0.75549,0.80566,0.91745,0.72414,0.56969,0.76588,0.60099,0.23283,1.1292,1.3188
276,277,0.76503,0.78462,0.87702,0.73771,0.57109,0.7568,0.59606,0.22982,1.1339,1.3041
277,278,0.76451,0.73932,0.88577,0.74631,0.5697,0.74166,0.62227,0.23036,1.13,1.2902
278,279,0.75706,0.77416,0.89335,0.72211,0.56502,0.75331,0.60172,0.2275,1.1264,1.2761
279,280,0.75764,0.74957,0.88879,0.70868,0.56848,0.79967,0.57389,0.23017,1.1273,1.2746
280,281,0.73425,0.75504,0.92607,0.69458,0.57361,0.78134,0.58621,0.2316,1.1251,1.2863
281,282,0.75273,0.7898,0.92472,0.69458,0.57365,0.79607,0.58867,0.22892,1.1126,1.2945
282,283,0.71257,0.73502,0.92598,0.7087,0.57449,0.78769,0.60311,0.2316,1.1148,1.2931
283,284,0.73388,0.75886,0.91699,0.7069,0.57061,0.76043,0.58621,0.23048,1.1254,1.3107
284,285,0.73431,0.75779,0.92923,0.69704,0.56313,0.76893,0.57635,0.22573,1.1298,1.3213
285,286,0.75431,0.74077,0.9099,0.70197,0.55619,0.73578,0.57143,0.22108,1.1363,1.3319
286,287,0.72522,0.70734,0.93158,0.69458,0.55712,0.7534,0.56439,0.21138,1.1381,1.3416
287,288,0.72494,0.7093,0.93647,0.68979,0.55699,0.76614,0.56485,0.21356,1.1399,1.3319
288,289,0.73456,0.73768,0.91363,0.7069,0.56384,0.75243,0.5839,0.22189,1.1365,1.3258
289,290,0.72792,0.75385,0.92009,0.71429,0.5665,0.76032,0.58867,0.22711,1.1481,1.3043
290,291,0.71689,0.77388,0.92038,0.7118,0.56131,0.77451,0.57635,0.22488,1.144,1.302
291,292,0.72921,0.75605,0.89915,0.7027,0.56045,0.73607,0.59113,0.22517,1.1376,1.2925
292,293,0.72248,0.6899,0.92307,0.69951,0.56532,0.73921,0.59344,0.22565,1.1313,1.2962
293,294,0.73158,0.71736,0.93156,0.69704,0.56392,0.76694,0.57389,0.22605,1.1307,1.3129
294,295,0.72153,0.76017,0.9281,0.70197,0.57067,0.72935,0.59113,0.22196,1.1278,1.3014
295,296,0.71556,0.73355,0.92545,0.70325,0.57415,0.75798,0.57389,0.22607,1.1179,1.2916
296,297,0.73745,0.72035,0.90084,0.71607,0.57619,0.7514,0.59606,0.23075,1.1107,1.2871
297,298,0.72654,0.74921,0.90899,0.72167,0.57713,0.74851,0.60114,0.23516,1.1102,1.2822
298,299,0.71285,0.70951,0.90348,0.71921,0.57542,0.75922,0.60099,0.23528,1.1047,1.2797
299,300,0.73062,0.74515,0.90779,0.72748,0.57489,0.75768,0.61084,0.23238,1.1005,1.2747
300,301,0.70751,0.7022,0.91223,0.71677,0.5747,0.76506,0.60157,0.23113,1.1084,1.2927
301,302,0.7304,0.76001,0.91519,0.72167,0.57788,0.76522,0.60345,0.22997,1.1075,1.3075
302,303,0.72764,0.74118,0.89768,0.73472,0.58047,0.75327,0.61576,0.23183,1.1054,1.3178
303,304,0.72,0.72318,0.92138,0.72162,0.58132,0.75556,0.60143,0.23012,1.1025,1.3338
304,305,0.69592,0.67142,0.91961,0.71675,0.58652,0.77402,0.60345,0.23727,1.1047,1.3442
305,306,0.69838,0.72519,0.91092,0.73041,0.58496,0.7588,0.61215,0.23582,1.0994,1.3364
306,307,0.7094,0.70091,0.92058,0.7423,0.5848,0.76656,0.6147,0.23445,1.109,1.3433
307,308,0.69497,0.70934,0.90869,0.74631,0.58554,0.76056,0.60837,0.23225,1.1127,1.3368
308,309,0.71303,0.72235,0.9001,0.73233,0.58212,0.7623,0.60033,0.23267,1.1167,1.336
309,310,0.6957,0.71469,0.91609,0.72609,0.58379,0.76695,0.60793,0.23698,1.1177,1.3279
310,311,0.71948,0.72853,0.92054,0.73153,0.58293,0.7667,0.60837,0.23602,1.1158,1.3144
311,312,0.71196,0.72006,0.91974,0.73389,0.57943,0.77144,0.61084,0.23141,1.1171,1.3084
312,313,0.68706,0.70424,0.90781,0.7266,0.57871,0.76019,0.61084,0.23081,1.1247,1.3158
313,314,0.70651,0.70437,0.91596,0.72481,0.57539,0.77184,0.61657,0.23249,1.1247,1.3297
314,315,0.69782,0.7128,0.90494,0.72691,0.57478,0.76626,0.61366,0.22938,1.1232,1.3432
315,316,0.71129,0.70425,0.89534,0.73645,0.57512,0.77433,0.62541,0.2292,1.1285,1.36
316,317,0.70947,0.76264,0.90057,0.74138,0.57586,0.77467,0.61816,0.23121,1.1202,1.357
317,318,0.69673,0.67645,0.91326,0.73892,0.57926,0.78328,0.633,0.2359,1.1125,1.3484
318,319,0.71475,0.69043,0.90811,0.73022,0.57717,0.77427,0.6133,0.23133,1.1116,1.3562
319,320,0.71664,0.68157,0.90809,0.73008,0.5821,0.76876,0.61823,0.23171,1.1137,1.3575
320,321,0.69044,0.71184,0.91318,0.73645,0.58017,0.77612,0.62562,0.23018,1.1226,1.3627
321,322,0.70862,0.7339,0.91365,0.74138,0.5805,0.77402,0.62808,0.23057,1.1227,1.3662
322,323,0.69902,0.70244,0.92741,0.74631,0.58018,0.78796,0.633,0.22931,1.1291,1.3646
323,324,0.67621,0.68791,0.92915,0.74291,0.58043,0.78816,0.63233,0.22694,1.128,1.3805
324,325,0.68661,0.70044,0.92154,0.74631,0.57682,0.7745,0.62808,0.22306,1.1177,1.3722
325,326,0.6847,0.73717,0.92003,0.7368,0.57727,0.78171,0.62625,0.22647,1.1189,1.3804
326,327,0.70217,0.70133,0.92856,0.73632,0.57982,0.78294,0.62191,0.22566,1.1205,1.3824
327,328,0.72483,0.71441,0.93262,0.73399,0.58166,0.78235,0.61976,0.22867,1.1221,1.3915
328,329,0.69973,0.72727,0.92746,0.73645,0.58341,0.78194,0.62069,0.22978,1.1185,1.3961
329,330,0.68838,0.70224,0.92767,0.74384,0.5819,0.7777,0.62041,0.23015,1.1273,1.3931
330,331,0.67549,0.66157,0.92327,0.74097,0.57999,0.77279,0.61994,0.23451,1.1215,1.3816
331,332,0.67368,0.70366,0.93751,0.7266,0.57925,0.78844,0.61084,0.23604,1.1227,1.3807
332,333,0.68806,0.71382,0.93546,0.72906,0.58234,0.79277,0.61248,0.23961,1.1162,1.3868
333,334,0.68937,0.68462,0.93645,0.72594,0.57925,0.79699,0.61576,0.23466,1.1216,1.3884
334,335,0.67927,0.66803,0.94199,0.71675,0.5807,0.7882,0.60496,0.23375,1.1158,1.3703
335,336,0.66649,0.67982,0.91646,0.72951,0.58316,0.77024,0.60278,0.23648,1.1159,1.3893
336,337,0.66843,0.68661,0.91878,0.72906,0.58487,0.76312,0.60099,0.23681,1.1157,1.3844
337,338,0.6796,0.68981,0.91737,0.7266,0.58222,0.78064,0.60837,0.23447,1.1195,1.381
338,339,0.6587,0.64494,0.92222,0.73014,0.58597,0.77462,0.60952,0.23255,1.1174,1.3802
339,340,0.65935,0.658,0.93303,0.72058,0.58731,0.78392,0.60345,0.23436,1.118,1.3846
340,341,0.70264,0.68917,0.93548,0.72167,0.58663,0.78197,0.60345,0.23526,1.1154,1.3837
341,342,0.65425,0.65253,0.93345,0.72555,0.59131,0.78025,0.60591,0.23698,1.113,1.3833
342,343,0.68572,0.69169,0.92561,0.73551,0.5879,0.77408,0.60763,0.23452,1.1184,1.3862
343,344,0.66312,0.65367,0.91833,0.74775,0.58862,0.76478,0.62315,0.23877,1.1114,1.3826
344,345,0.68443,0.71069,0.90507,0.75148,0.59079,0.75378,0.62587,0.23668,1.1104,1.3829
345,346,0.65134,0.66388,0.91558,0.74801,0.59026,0.76545,0.62315,0.23483,1.1088,1.3862
346,347,0.66505,0.67515,0.91398,0.74631,0.58876,0.76618,0.62562,0.23277,1.1059,1.385
347,348,0.67562,0.66996,0.91055,0.75214,0.58901,0.76486,0.633,0.23475,1.1049,1.3874
348,349,0.67139,0.71112,0.90462,0.74757,0.58912,0.7612,0.6281,0.2388,1.1063,1.3908
349,350,0.65725,0.64061,0.90463,0.74759,0.58671,0.76209,0.62808,0.23679,1.1065,1.3789
350,351,0.67458,0.69058,0.92048,0.74384,0.58442,0.77309,0.62808,0.2378,1.1154,1.4022
351,352,0.67044,0.70526,0.90447,0.74626,0.58102,0.77908,0.6254,0.23723,1.1198,1.4015
352,353,0.66547,0.66292,0.90206,0.74861,0.58168,0.76674,0.63054,0.23568,1.1185,1.3964
353,354,0.67462,0.67581,0.89512,0.73892,0.58223,0.76492,0.62808,0.23624,1.115,1.3918
354,355,0.66168,0.65093,0.91712,0.73592,0.58464,0.76218,0.62315,0.23547,1.1187,1.3916
355,356,0.66908,0.6703,0.90411,0.73892,0.58501,0.75112,0.61699,0.23674,1.1199,1.3864
356,357,0.66086,0.67581,0.90399,0.74138,0.58644,0.75287,0.63031,0.23479,1.1153,1.3742
357,358,0.65129,0.64376,0.90148,0.74376,0.58887,0.74256,0.62069,0.23287,1.1167,1.3679
358,359,0.66514,0.64795,0.89964,0.74877,0.5884,0.74803,0.62562,0.23492,1.1158,1.3633
359,360,0.67245,0.67712,0.90657,0.75123,0.58687,0.74748,0.62562,0.23213,1.1142,1.3563
360,361,0.66087,0.67684,0.91591,0.75117,0.58884,0.74843,0.63054,0.22685,1.1156,1.348
361,362,0.65276,0.67361,0.91605,0.75123,0.58717,0.75435,0.62021,0.22469,1.1137,1.3377
362,363,0.65822,0.64146,0.92104,0.74704,0.58944,0.76313,0.61896,0.22689,1.1099,1.3346
363,364,0.65949,0.70571,0.91529,0.74513,0.58677,0.76691,0.624,0.22907,1.1077,1.3318
364,365,0.66138,0.66683,0.90995,0.74668,0.59032,0.76418,0.62069,0.23124,1.1015,1.329
365,366,0.65429,0.648,0.90184,0.74673,0.59158,0.76428,0.6133,0.23059,1.1052,1.3298
366,367,0.64371,0.67414,0.90429,0.74472,0.59136,0.76217,0.61567,0.22984,1.1037,1.3315
367,368,0.65075,0.66244,0.91541,0.7463,0.58901,0.76629,0.62184,0.23043,1.1043,1.3312
368,369,0.64019,0.67069,0.90867,0.74631,0.59063,0.76406,0.62215,0.23031,1.1025,1.3311
